"table","record","field","current","proposed","reason","SEO impact","factual/commercial data change"
"products","turmeric-fingers","tagline","Premium export-quality turmeric fingers sourced from Telangana farms.","Indian turmeric fingers for international B2B buyers","Replace intermediary/sourcing language and unsupported marketing claims with exporter and buyer-requirement language.","Direct public copy and search-snippet impact.","Copy/SEO field only; no price, MOQ, grade, packing, HS code, stock or availability change."
"products","turmeric-fingers","description","GOPU Exports supplies premium-quality turmeric fingers sourced from selected farms in Telangana, India. The product is carefully cleaned, naturally dried, and processed to maintain color, aroma, and curcumin quality suitable for international buyers.

Our turmeric fingers are widely used for spice grinding, food processing, herbal applications, and bulk export requirements. We support flexible packaging options and export-oriented procurement based on buyer specifications.

Product Features:
• Natural yellow color
• Export-quality sorting
• Properly cleaned and dried
• Strong aroma and high curcumin potential
• Suitable for bulk shipments

Applications:
• Spice manufacturing
• Food processing
• Turmeric powder production
• Herbal and ayurvedic industries

Packaging Options:
• PP bags
• Jute bags
• Custom export packaging available

MOQ:
Bulk orders accepted based on buyer requirement and destination.

Origin:
Nizamabad, Telangana, India","GOPU Exports supplies Indian turmeric fingers for international spice processors and wholesale buyers. Share the required variety, origin, curcumin level, moisture limit and cleaning standard. Product availability, batch documentation and packing are reviewed before quotation.","Replace intermediary/sourcing language and unsupported marketing claims with exporter and buyer-requirement language.","Direct public copy and search-snippet impact.","Copy/SEO field only; no price, MOQ, grade, packing, HS code, stock or availability change."
"products","turmeric-fingers","metaTitle","Turmeric Fingers","Turmeric Fingers Exporter from India","Replace intermediary/sourcing language and unsupported marketing claims with exporter and buyer-requirement language.","Direct public copy and search-snippet impact.","Copy/SEO field only; no price, MOQ, grade, packing, HS code, stock or availability change."
"products","turmeric-fingers","metaDescription","Export-quality turmeric fingers sourced from Telangana, India. Bulk supply for international buyers, spice processing, and wholesale trade.","Import Indian turmeric fingers through GOPU Exports in Hyderabad. Share specifications, quantity, packing and destination for an export quote.","Replace intermediary/sourcing language and unsupported marketing claims with exporter and buyer-requirement language.","Direct public copy and search-snippet impact.","Copy/SEO field only; no price, MOQ, grade, packing, HS code, stock or availability change."
"products","turmeric-fingers","shortDescription","Naturally dried turmeric fingers with high curcumin content, suitable for spice processing, wholesale trade, and global export markets.","","Replace intermediary/sourcing language and unsupported marketing claims with exporter and buyer-requirement language.","Direct public copy and search-snippet impact.","Copy/SEO field only; no price, MOQ, grade, packing, HS code, stock or availability change."
"products","turmeric-fingers","benefits","[]","[""Buyer specifications reviewed before quotation"",""Packing and order quantity confirmed for the destination"",""Testing and inspection requirements subject to availability and agreed scope""]","Replace intermediary/sourcing language and unsupported marketing claims with exporter and buyer-requirement language.","Public trust/positioning impact; no ranking guarantee.","Copy/SEO field only; no price, MOQ, grade, packing, HS code, stock or availability change."
"products","turmeric-fingers","certifications","[""IEC Verified"",""GST Registered"",""FSSAI Available on Request"",""APEDA Available on Request"",""Spice Board Available on Request""]","[]","Remove unsupported or misclassified product-certification claims; corporate identifiers are not product certifications.","Public trust/positioning impact; no ranking guarantee.","Trust-claim field changes. No verified certification is asserted as removed; must be rechecked before applying."
"products","pomegranate","tagline","Bhagwa Variety — Premium Juice Grade","Indian pomegranate for international B2B buyers","Replace intermediary/sourcing language and unsupported marketing claims with exporter and buyer-requirement language.","Direct public copy and search-snippet impact.","Copy/SEO field only; no price, MOQ, grade, packing, HS code, stock or availability change."
"products","pomegranate","description","Export-quality Bhagwa variety pomegranates from Solapur with deep red arils, high juice content, and excellent shelf life preferred by European and Middle East buyers.","Indian pomegranates for international fresh-produce importers, distributors and food processors. Share your required variety, size, packing and destination. Availability, quality requirements and handling arrangements are confirmed for each shipment.","Replace intermediary/sourcing language and unsupported marketing claims with exporter and buyer-requirement language.","Direct public copy and search-snippet impact.","Copy/SEO field only; no price, MOQ, grade, packing, HS code, stock or availability change."
"products","pomegranate","metaTitle","Pomegranate","Pomegranate Exporter from India","Replace intermediary/sourcing language and unsupported marketing claims with exporter and buyer-requirement language.","Direct public copy and search-snippet impact.","Copy/SEO field only; no price, MOQ, grade, packing, HS code, stock or availability change."
"products","pomegranate","metaDescription","","Import Indian pomegranate through GOPU Exports in Hyderabad. Share specifications, quantity, packing and destination for an export quote.","Replace intermediary/sourcing language and unsupported marketing claims with exporter and buyer-requirement language.","Direct public copy and search-snippet impact.","Copy/SEO field only; no price, MOQ, grade, packing, HS code, stock or availability change."
"products","pomegranate","benefits","[""GlobalG.A.P. farm-level traceability"",""EurepGAP compliance available"",""Pre-sorted and graded""]","[""Buyer specifications reviewed before quotation"",""Packing and order quantity confirmed for the destination"",""Testing and inspection requirements subject to availability and agreed scope""]","Replace intermediary/sourcing language and unsupported marketing claims with exporter and buyer-requirement language.","Public trust/positioning impact; no ranking guarantee.","Copy/SEO field only; no price, MOQ, grade, packing, HS code, stock or availability change."
"products","banana","tagline","Grade A Cavendish — Year-Round Export","Indian banana (cavendish) for international B2B buyers","Replace intermediary/sourcing language and unsupported marketing claims with exporter and buyer-requirement language.","Direct public copy and search-snippet impact.","Copy/SEO field only; no price, MOQ, grade, packing, HS code, stock or availability change."
"products","banana","description","Grade A Cavendish bananas grown in Tamil Nadu and Andhra Pradesh with consistent size, weight, and sugar content. Available year-round for bulk retail and wholesale buyers.","Indian Cavendish bananas for international fresh-produce importers and wholesalers. Grade, ripeness, packing, seasonal availability and cold-chain requirements are reviewed for the proposed destination and shipment.","Replace intermediary/sourcing language and unsupported marketing claims with exporter and buyer-requirement language.","Direct public copy and search-snippet impact.","Copy/SEO field only; no price, MOQ, grade, packing, HS code, stock or availability change."
"products","banana","metaTitle","Banana (Cavendish)","Banana (Cavendish) Exporter from India","Replace intermediary/sourcing language and unsupported marketing claims with exporter and buyer-requirement language.","Direct public copy and search-snippet impact.","Copy/SEO field only; no price, MOQ, grade, packing, HS code, stock or availability change."
"products","banana","metaDescription","","Import Indian banana (cavendish) through GOPU Exports in Hyderabad. Share specifications, quantity, packing and destination for an export quote.","Replace intermediary/sourcing language and unsupported marketing claims with exporter and buyer-requirement language.","Direct public copy and search-snippet impact.","Copy/SEO field only; no price, MOQ, grade, packing, HS code, stock or availability change."
"products","banana","benefits","[""Year-round availability"",""Uniform bunch & finger size"",""Pre-cooling treatment"",""Ethylene ripening chamber support""]","[""Buyer specifications reviewed before quotation"",""Packing and order quantity confirmed for the destination"",""Testing and inspection requirements subject to availability and agreed scope""]","Replace intermediary/sourcing language and unsupported marketing claims with exporter and buyer-requirement language.","Public trust/positioning impact; no ranking guarantee.","Copy/SEO field only; no price, MOQ, grade, packing, HS code, stock or availability change."
"products","mango","tagline","King of Mangoes — GI Protected Origin","Indian alphonso mango for international B2B buyers","Replace intermediary/sourcing language and unsupported marketing claims with exporter and buyer-requirement language.","Direct public copy and search-snippet impact.","Copy/SEO field only; no price, MOQ, grade, packing, HS code, stock or availability change."
"products","mango","description","GI-tagged Alphonso mangoes from Ratnagiri, Maharashtra — regarded globally as the premium mango variety for their exceptional sweetness, saffron color, and limited seasonal availability.","Indian Alphonso mangoes for international fresh-produce importers, distributors and food businesses. Seasonal availability, origin evidence, fruit grade, packing and destination entry conditions are confirmed before quotation.","Replace intermediary/sourcing language and unsupported marketing claims with exporter and buyer-requirement language.","Direct public copy and search-snippet impact.","Copy/SEO field only; no price, MOQ, grade, packing, HS code, stock or availability change."
"products","mango","metaTitle","Alphonso Mango","Alphonso Mango Exporter from India","Replace intermediary/sourcing language and unsupported marketing claims with exporter and buyer-requirement language.","Direct public copy and search-snippet impact.","Copy/SEO field only; no price, MOQ, grade, packing, HS code, stock or availability change."
"products","mango","metaDescription","","Import Indian alphonso mango through GOPU Exports in Hyderabad. Share specifications, quantity, packing and destination for an export quote.","Replace intermediary/sourcing language and unsupported marketing claims with exporter and buyer-requirement language.","Direct public copy and search-snippet impact.","Copy/SEO field only; no price, MOQ, grade, packing, HS code, stock or availability change."
"products","mango","benefits","[""GI protected origin certification"",""Pre-cooling & cold chain logistics"",""Phytosanitary certificate"",""Air freight option for premium markets""]","[""Buyer specifications reviewed before quotation"",""Packing and order quantity confirmed for the destination"",""Testing and inspection requirements subject to availability and agreed scope""]","Replace intermediary/sourcing language and unsupported marketing claims with exporter and buyer-requirement language.","Public trust/positioning impact; no ranking guarantee.","Copy/SEO field only; no price, MOQ, grade, packing, HS code, stock or availability change."
"products","non-basmati-rice","tagline","IR64, Sona Masuri — Bulk Export Supply","Indian non-basmati rice for international B2B buyers","Replace intermediary/sourcing language and unsupported marketing claims with exporter and buyer-requirement language.","Direct public copy and search-snippet impact.","Copy/SEO field only; no price, MOQ, grade, packing, HS code, stock or availability change."
"products","non-basmati-rice","description","Export-grade non-basmati rice varieties including IR64, Sona Masuri, and parboiled rice. Preferred for bulk food aid programs, institutional buyers, and retail markets in Africa and Middle East.","Indian non-basmati rice for international importers, wholesalers and food-service buyers. Specify variety, raw or parboiled form, broken percentage and bag size. GOPU Exports confirms availability and destination requirements before accepting an order.","Replace intermediary/sourcing language and unsupported marketing claims with exporter and buyer-requirement language.","Direct public copy and search-snippet impact.","Copy/SEO field only; no price, MOQ, grade, packing, HS code, stock or availability change."
"products","non-basmati-rice","metaTitle","Non-Basmati Rice","Non-Basmati Rice Exporter from India","Replace intermediary/sourcing language and unsupported marketing claims with exporter and buyer-requirement language.","Direct public copy and search-snippet impact.","Copy/SEO field only; no price, MOQ, grade, packing, HS code, stock or availability change."
"products","non-basmati-rice","metaDescription","","Import Indian non-basmati rice through GOPU Exports in Hyderabad. Share specifications, quantity, packing and destination for an export quote.","Replace intermediary/sourcing language and unsupported marketing claims with exporter and buyer-requirement language.","Direct public copy and search-snippet impact.","Copy/SEO field only; no price, MOQ, grade, packing, HS code, stock or availability change."
"products","non-basmati-rice","benefits","[""Competitive bulk pricing"",""Large volume capacity"",""Multiple broken % options"",""WFP and government tender ready""]","[""Buyer specifications reviewed before quotation"",""Packing and order quantity confirmed for the destination"",""Testing and inspection requirements subject to availability and agreed scope""]","Replace intermediary/sourcing language and unsupported marketing claims with exporter and buyer-requirement language.","Public trust/positioning impact; no ranking guarantee.","Copy/SEO field only; no price, MOQ, grade, packing, HS code, stock or availability change."
"products","basmati-rice","tagline","Aged Premium Basmati — Long Grain Export","Indian basmati rice for international B2B buyers","Replace intermediary/sourcing language and unsupported marketing claims with exporter and buyer-requirement language.","Direct public copy and search-snippet impact.","Copy/SEO field only; no price, MOQ, grade, packing, HS code, stock or availability change."
"products","basmati-rice","description","Aged long-grain basmati rice with natural aroma, non-sticky texture, and elongation ratio ideal for restaurant chains, wholesalers, and branded retail buyers worldwide.","Indian basmati rice for international importers, distributors, restaurant groups and wholesale food businesses. Share the required variety, processing method, broken percentage and packing. Availability, origin documentation and commercial terms are confirmed with the quotation.","Replace intermediary/sourcing language and unsupported marketing claims with exporter and buyer-requirement language.","Direct public copy and search-snippet impact.","Copy/SEO field only; no price, MOQ, grade, packing, HS code, stock or availability change."
"products","basmati-rice","metaTitle","Basmati Rice","Basmati Rice Exporter from India","Replace intermediary/sourcing language and unsupported marketing claims with exporter and buyer-requirement language.","Direct public copy and search-snippet impact.","Copy/SEO field only; no price, MOQ, grade, packing, HS code, stock or availability change."
"products","basmati-rice","metaDescription","","Import Indian basmati rice through GOPU Exports in Hyderabad. Share specifications, quantity, packing and destination for an export quote.","Replace intermediary/sourcing language and unsupported marketing claims with exporter and buyer-requirement language.","Direct public copy and search-snippet impact.","Copy/SEO field only; no price, MOQ, grade, packing, HS code, stock or availability change."
"products","basmati-rice","benefits","[""GI certified origin"",""APEDA export registered"",""Parboiled options available"",""Private labeling & OEM packaging"",""Custom bag printing available""]","[""Buyer specifications reviewed before quotation"",""Packing and order quantity confirmed for the destination"",""Testing and inspection requirements subject to availability and agreed scope""]","Replace intermediary/sourcing language and unsupported marketing claims with exporter and buyer-requirement language.","Public trust/positioning impact; no ranking guarantee.","Copy/SEO field only; no price, MOQ, grade, packing, HS code, stock or availability change."
"products","fennel-seeds","tagline","Gujarat Premium — Bold Aroma Export","Indian fennel seeds for international B2B buyers","Replace intermediary/sourcing language and unsupported marketing claims with exporter and buyer-requirement language.","Direct public copy and search-snippet impact.","Copy/SEO field only; no price, MOQ, grade, packing, HS code, stock or availability change."
"products","fennel-seeds","description","Sweet, aromatic fennel seeds from Gujarat's prime growing regions. Popular in Middle East, Europe, and Southeast Asia for culinary and pharmaceutical applications.","GOPU Exports supplies Indian fennel seeds to international importers, distributors, wholesalers and food businesses. Specify grade, physical form, purity and packing, together with destination-country requirements. Availability and export terms are confirmed during quotation.","Replace intermediary/sourcing language and unsupported marketing claims with exporter and buyer-requirement language.","Direct public copy and search-snippet impact.","Copy/SEO field only; no price, MOQ, grade, packing, HS code, stock or availability change."
"products","fennel-seeds","metaTitle","Fennel Seeds","Fennel Seeds Exporter from India","Replace intermediary/sourcing language and unsupported marketing claims with exporter and buyer-requirement language.","Direct public copy and search-snippet impact.","Copy/SEO field only; no price, MOQ, grade, packing, HS code, stock or availability change."
"products","fennel-seeds","metaDescription","","Import Indian fennel seeds through GOPU Exports in Hyderabad. Share specifications, quantity, packing and destination for an export quote.","Replace intermediary/sourcing language and unsupported marketing claims with exporter and buyer-requirement language.","Direct public copy and search-snippet impact.","Copy/SEO field only; no price, MOQ, grade, packing, HS code, stock or availability change."
"products","fennel-seeds","benefits","[""Machine cleaned"",""Bold consistent size"",""No foreign matter""]","[""Buyer specifications reviewed before quotation"",""Packing and order quantity confirmed for the destination"",""Testing and inspection requirements subject to availability and agreed scope""]","Replace intermediary/sourcing language and unsupported marketing claims with exporter and buyer-requirement language.","Public trust/positioning impact; no ranking guarantee.","Copy/SEO field only; no price, MOQ, grade, packing, HS code, stock or availability change."
"products","cinnamon","tagline","Ceylon & Cassia — Premium Export Sticks","Indian cinnamon (dalchini) for international B2B buyers","Replace intermediary/sourcing language and unsupported marketing claims with exporter and buyer-requirement language.","Direct public copy and search-snippet impact.","Copy/SEO field only; no price, MOQ, grade, packing, HS code, stock or availability change."
"products","cinnamon","description","Export-grade cinnamon sticks and powder available in both Ceylon (true cinnamon) and Cassia varieties, processed and packed for international food industry buyers.","GOPU Exports supplies Indian cinnamon (dalchini) to international importers, distributors, wholesalers and food businesses. Specify grade, physical form, purity and packing, together with destination-country requirements. Availability and export terms are confirmed during quotation.","Replace intermediary/sourcing language and unsupported marketing claims with exporter and buyer-requirement language.","Direct public copy and search-snippet impact.","Copy/SEO field only; no price, MOQ, grade, packing, HS code, stock or availability change."
"products","cinnamon","metaTitle","Cinnamon (Dalchini)","Cinnamon (Dalchini) Exporter from India","Replace intermediary/sourcing language and unsupported marketing claims with exporter and buyer-requirement language.","Direct public copy and search-snippet impact.","Copy/SEO field only; no price, MOQ, grade, packing, HS code, stock or availability change."
"products","cinnamon","metaDescription","","Import Indian cinnamon (dalchini) through GOPU Exports in Hyderabad. Share specifications, quantity, packing and destination for an export quote.","Replace intermediary/sourcing language and unsupported marketing claims with exporter and buyer-requirement language.","Direct public copy and search-snippet impact.","Copy/SEO field only; no price, MOQ, grade, packing, HS code, stock or availability change."
"products","cinnamon","benefits","[""Consistent aroma profile"",""Coumarin levels tested per market"",""Available in multiple grades""]","[""Buyer specifications reviewed before quotation"",""Packing and order quantity confirmed for the destination"",""Testing and inspection requirements subject to availability and agreed scope""]","Replace intermediary/sourcing language and unsupported marketing claims with exporter and buyer-requirement language.","Public trust/positioning impact; no ranking guarantee.","Copy/SEO field only; no price, MOQ, grade, packing, HS code, stock or availability change."
"products","cloves","tagline","High Eugenol — Premium Export Grade","Indian cloves for international B2B buyers","Replace intermediary/sourcing language and unsupported marketing claims with exporter and buyer-requirement language.","Direct public copy and search-snippet impact.","Copy/SEO field only; no price, MOQ, grade, packing, HS code, stock or availability change."
"products","cloves","description","Whole cloves with high eugenol content and strong essential oil yield, sourced and processed to international export standards for global buyers.","GOPU Exports supplies Indian cloves to international importers, distributors, wholesalers and food businesses. Specify grade, physical form, purity and packing, together with destination-country requirements. Availability and export terms are confirmed during quotation.","Replace intermediary/sourcing language and unsupported marketing claims with exporter and buyer-requirement language.","Direct public copy and search-snippet impact.","Copy/SEO field only; no price, MOQ, grade, packing, HS code, stock or availability change."
"products","cloves","metaTitle","Cloves","Cloves Exporter from India","Replace intermediary/sourcing language and unsupported marketing claims with exporter and buyer-requirement language.","Direct public copy and search-snippet impact.","Copy/SEO field only; no price, MOQ, grade, packing, HS code, stock or availability change."
"products","cloves","metaDescription","","Import Indian cloves through GOPU Exports in Hyderabad. Share specifications, quantity, packing and destination for an export quote.","Replace intermediary/sourcing language and unsupported marketing claims with exporter and buyer-requirement language.","Direct public copy and search-snippet impact.","Copy/SEO field only; no price, MOQ, grade, packing, HS code, stock or availability change."
"products","cloves","benefits","[""High essential oil content"",""No stems or broken cloves in premium grade"",""Certificate of analysis available""]","[""Buyer specifications reviewed before quotation"",""Packing and order quantity confirmed for the destination"",""Testing and inspection requirements subject to availability and agreed scope""]","Replace intermediary/sourcing language and unsupported marketing claims with exporter and buyer-requirement language.","Public trust/positioning impact; no ranking guarantee.","Copy/SEO field only; no price, MOQ, grade, packing, HS code, stock or availability change."
"products","coriander-seeds","tagline","Eagle Grade — Premium Global Export","Indian coriander seeds for international B2B buyers","Replace intermediary/sourcing language and unsupported marketing claims with exporter and buyer-requirement language.","Direct public copy and search-snippet impact.","Copy/SEO field only; no price, MOQ, grade, packing, HS code, stock or availability change."
"products","coriander-seeds","description","Export-quality whole coriander seeds with fresh citrusy aroma sourced from Rajasthan's prime coriander belt. Available in Eagle and Scooter grades.","GOPU Exports supplies Indian coriander seeds to international importers, distributors, wholesalers and food businesses. Specify grade, physical form, purity and packing, together with destination-country requirements. Availability and export terms are confirmed during quotation.","Replace intermediary/sourcing language and unsupported marketing claims with exporter and buyer-requirement language.","Direct public copy and search-snippet impact.","Copy/SEO field only; no price, MOQ, grade, packing, HS code, stock or availability change."
"products","coriander-seeds","metaTitle","Coriander Seeds","Coriander Seeds Exporter from India","Replace intermediary/sourcing language and unsupported marketing claims with exporter and buyer-requirement language.","Direct public copy and search-snippet impact.","Copy/SEO field only; no price, MOQ, grade, packing, HS code, stock or availability change."
"products","coriander-seeds","metaDescription","","Import Indian coriander seeds through GOPU Exports in Hyderabad. Share specifications, quantity, packing and destination for an export quote.","Replace intermediary/sourcing language and unsupported marketing claims with exporter and buyer-requirement language.","Direct public copy and search-snippet impact.","Copy/SEO field only; no price, MOQ, grade, packing, HS code, stock or availability change."
"products","coriander-seeds","benefits","[""Fresh citrusy aroma"",""Uniform grade separation"",""Lab tested and certified""]","[""Buyer specifications reviewed before quotation"",""Packing and order quantity confirmed for the destination"",""Testing and inspection requirements subject to availability and agreed scope""]","Replace intermediary/sourcing language and unsupported marketing claims with exporter and buyer-requirement language.","Public trust/positioning impact; no ranking guarantee.","Copy/SEO field only; no price, MOQ, grade, packing, HS code, stock or availability change."
"products","cumin-seeds","tagline","Gujarat's Finest — Strong Aroma Export Grade","Indian cumin seeds for international B2B buyers","Replace intermediary/sourcing language and unsupported marketing claims with exporter and buyer-requirement language.","Direct public copy and search-snippet impact.","Copy/SEO field only; no price, MOQ, grade, packing, HS code, stock or availability change."
"products","cumin-seeds","description","Machine-cleaned premium cumin seeds from Unjha, Gujarat — India's largest cumin market. Known for their intense aroma, uniform color, and consistent quality.","GOPU Exports supplies Indian cumin seeds to international importers, distributors, wholesalers and food businesses. Specify grade, physical form, purity and packing, together with destination-country requirements. Availability and export terms are confirmed during quotation.","Replace intermediary/sourcing language and unsupported marketing claims with exporter and buyer-requirement language.","Direct public copy and search-snippet impact.","Copy/SEO field only; no price, MOQ, grade, packing, HS code, stock or availability change."
"products","cumin-seeds","metaTitle","Cumin Seeds","Cumin Seeds Exporter from India","Replace intermediary/sourcing language and unsupported marketing claims with exporter and buyer-requirement language.","Direct public copy and search-snippet impact.","Copy/SEO field only; no price, MOQ, grade, packing, HS code, stock or availability change."
"products","cumin-seeds","metaDescription","","Import Indian cumin seeds through GOPU Exports in Hyderabad. Share specifications, quantity, packing and destination for an export quote.","Replace intermediary/sourcing language and unsupported marketing claims with exporter and buyer-requirement language.","Direct public copy and search-snippet impact.","Copy/SEO field only; no price, MOQ, grade, packing, HS code, stock or availability change."
"products","cumin-seeds","benefits","[""Machine cleaned and sorted"",""No artificial color"",""APEDA export certified"",""Tested for heavy metals""]","[""Buyer specifications reviewed before quotation"",""Packing and order quantity confirmed for the destination"",""Testing and inspection requirements subject to availability and agreed scope""]","Replace intermediary/sourcing language and unsupported marketing claims with exporter and buyer-requirement language.","Public trust/positioning impact; no ranking guarantee.","Copy/SEO field only; no price, MOQ, grade, packing, HS code, stock or availability change."
"products","red-chilli","tagline","Guntur S4 Grade — Premium Heat & Color","Indian red chilli (whole) for international B2B buyers","Replace intermediary/sourcing language and unsupported marketing claims with exporter and buyer-requirement language.","Direct public copy and search-snippet impact.","Copy/SEO field only; no price, MOQ, grade, packing, HS code, stock or availability change."
"products","red-chilli","description","Export-grade whole Guntur red chillies celebrated globally for their fiery heat, vivid color, and strong market demand in food processing and condiment industries.","GOPU Exports supplies whole Indian red chilli to international importers, spice processors, wholesalers and food-service buyers. Share your required variety, colour (ASTA), pungency (SHU), moisture limit and stem preference. Availability and batch results must be confirmed before an order is agreed.","Replace intermediary/sourcing language and unsupported marketing claims with exporter and buyer-requirement language.","Direct public copy and search-snippet impact.","Copy/SEO field only; no price, MOQ, grade, packing, HS code, stock or availability change."
"products","red-chilli","metaTitle","Red Chilli (Whole)","Red Chilli (Whole) Exporter from India","Replace intermediary/sourcing language and unsupported marketing claims with exporter and buyer-requirement language.","Direct public copy and search-snippet impact.","Copy/SEO field only; no price, MOQ, grade, packing, HS code, stock or availability change."
"products","red-chilli","metaDescription","","Import Indian red chilli (whole) through GOPU Exports in Hyderabad. Share specifications, quantity, packing and destination for an export quote.","Replace intermediary/sourcing language and unsupported marketing claims with exporter and buyer-requirement language.","Direct public copy and search-snippet impact.","Copy/SEO field only; no price, MOQ, grade, packing, HS code, stock or availability change."
"products","red-chilli","benefits","[""Strong consistent pungency"",""High ASTA color value"",""Available with or without stems"",""Fumigation certificate included""]","[""Buyer specifications reviewed before quotation"",""Packing and order quantity confirmed for the destination"",""Testing and inspection requirements subject to availability and agreed scope""]","Replace intermediary/sourcing language and unsupported marketing claims with exporter and buyer-requirement language.","Public trust/positioning impact; no ranking guarantee.","Copy/SEO field only; no price, MOQ, grade, packing, HS code, stock or availability change."
"products","turmeric-powder","tagline","High Curcumin — Food & Industrial Grade","Indian turmeric powder for international B2B buyers","Replace intermediary/sourcing language and unsupported marketing claims with exporter and buyer-requirement language.","Direct public copy and search-snippet impact.","Copy/SEO field only; no price, MOQ, grade, packing, HS code, stock or availability change."
"products","turmeric-powder","description","Premium turmeric powder processed from Nizamabad and Erode varieties known globally for high curcumin content, deep color, and clean processing standards.","GOPU Exports supplies Indian turmeric powder for international food processors, distributors and wholesale buyers. Specify curcumin, colour, mesh size, moisture and purity requirements, together with your intended food application. Batch specifications, testing scope and packing are confirmed in the export quotation.","Replace intermediary/sourcing language and unsupported marketing claims with exporter and buyer-requirement language.","Direct public copy and search-snippet impact.","Copy/SEO field only; no price, MOQ, grade, packing, HS code, stock or availability change."
"products","turmeric-powder","metaTitle","Turmeric Powder","Turmeric Powder Exporter from India","Replace intermediary/sourcing language and unsupported marketing claims with exporter and buyer-requirement language.","Direct public copy and search-snippet impact.","Copy/SEO field only; no price, MOQ, grade, packing, HS code, stock or availability change."
"products","turmeric-powder","metaDescription","","Import Indian turmeric powder through GOPU Exports in Hyderabad. Share specifications, quantity, packing and destination for an export quote.","Replace intermediary/sourcing language and unsupported marketing claims with exporter and buyer-requirement language.","Direct public copy and search-snippet impact.","Copy/SEO field only; no price, MOQ, grade, packing, HS code, stock or availability change."
"products","turmeric-powder","benefits","[""Highest curcumin content available"",""No artificial coloring"",""APEDA & Spice Board certified"",""Lab tested for aflatoxins""]","[""Buyer specifications reviewed before quotation"",""Packing and order quantity confirmed for the destination"",""Testing and inspection requirements subject to availability and agreed scope""]","Replace intermediary/sourcing language and unsupported marketing claims with exporter and buyer-requirement language.","Public trust/positioning impact; no ranking guarantee.","Copy/SEO field only; no price, MOQ, grade, packing, HS code, stock or availability change."
"products","black-pepper","tagline","King of Spices — World-Class Export Quality","Indian black pepper for international B2B buyers","Replace intermediary/sourcing language and unsupported marketing claims with exporter and buyer-requirement language.","Direct public copy and search-snippet impact.","Copy/SEO field only; no price, MOQ, grade, packing, HS code, stock or availability change."
"products","black-pepper","description","Export-grade whole black peppercorns with strong pungency and dense weight sourced from Malabar coast farms under responsible agricultural practices.","GOPU Exports supplies Indian black pepper to international importers, distributors, wholesalers and food businesses. Specify grade, physical form, purity and packing, together with destination-country requirements. Availability and export terms are confirmed during quotation.","Replace intermediary/sourcing language and unsupported marketing claims with exporter and buyer-requirement language.","Direct public copy and search-snippet impact.","Copy/SEO field only; no price, MOQ, grade, packing, HS code, stock or availability change."
"products","black-pepper","metaTitle","Black Pepper","Black Pepper Exporter from India","Replace intermediary/sourcing language and unsupported marketing claims with exporter and buyer-requirement language.","Direct public copy and search-snippet impact.","Copy/SEO field only; no price, MOQ, grade, packing, HS code, stock or availability change."
"products","black-pepper","metaDescription","","Import Indian black pepper through GOPU Exports in Hyderabad. Share specifications, quantity, packing and destination for an export quote.","Replace intermediary/sourcing language and unsupported marketing claims with exporter and buyer-requirement language.","Direct public copy and search-snippet impact.","Copy/SEO field only; no price, MOQ, grade, packing, HS code, stock or availability change."
"products","black-pepper","benefits","[""High piperine content"",""Tested for pesticide residues"",""Fumigation certificate available"",""FSSAI compliant""]","[""Buyer specifications reviewed before quotation"",""Packing and order quantity confirmed for the destination"",""Testing and inspection requirements subject to availability and agreed scope""]","Replace intermediary/sourcing language and unsupported marketing claims with exporter and buyer-requirement language.","Public trust/positioning impact; no ranking guarantee.","Copy/SEO field only; no price, MOQ, grade, packing, HS code, stock or availability change."
"products","green-cardamom","tagline","Queen of Spices — Premium Export Grade","Indian green cardamom for international B2B buyers","Replace intermediary/sourcing language and unsupported marketing claims with exporter and buyer-requirement language.","Direct public copy and search-snippet impact.","Copy/SEO field only; no price, MOQ, grade, packing, HS code, stock or availability change."
"products","green-cardamom","description","Bold aromatic green cardamom pods sourced from the highlands of Kerala and Karnataka. Prized worldwide for perfumery, confectionery, and premium food processing.","GOPU Exports supplies Indian green cardamom to international importers, distributors, wholesalers and food businesses. Specify grade, physical form, purity and packing, together with destination-country requirements. Availability and export terms are confirmed during quotation.","Replace intermediary/sourcing language and unsupported marketing claims with exporter and buyer-requirement language.","Direct public copy and search-snippet impact.","Copy/SEO field only; no price, MOQ, grade, packing, HS code, stock or availability change."
"products","green-cardamom","metaTitle","Green Cardamom","Green Cardamom Exporter from India","Replace intermediary/sourcing language and unsupported marketing claims with exporter and buyer-requirement language.","Direct public copy and search-snippet impact.","Copy/SEO field only; no price, MOQ, grade, packing, HS code, stock or availability change."
"products","green-cardamom","metaDescription","","Import Indian green cardamom through GOPU Exports in Hyderabad. Share specifications, quantity, packing and destination for an export quote.","Replace intermediary/sourcing language and unsupported marketing claims with exporter and buyer-requirement language.","Direct public copy and search-snippet impact.","Copy/SEO field only; no price, MOQ, grade, packing, HS code, stock or availability change."
"products","green-cardamom","benefits","[""Rich aromatic essential oils"",""APEDA certified sourcing"",""Uniform pod size & color grading"",""Phytosanitary certificate included"",""Air or sea freight options""]","[""Buyer specifications reviewed before quotation"",""Packing and order quantity confirmed for the destination"",""Testing and inspection requirements subject to availability and agreed scope""]","Replace intermediary/sourcing language and unsupported marketing claims with exporter and buyer-requirement language.","Public trust/positioning impact; no ranking guarantee.","Copy/SEO field only; no price, MOQ, grade, packing, HS code, stock or availability change."
"products","chickpeas","tagline","Bulk pulses for global food buyers","Indian chickpeas for international B2B buyers","Replace intermediary/sourcing language and unsupported marketing claims with exporter and buyer-requirement language.","Direct public copy and search-snippet impact.","Copy/SEO field only; no price, MOQ, grade, packing, HS code, stock or availability change."
"products","chickpeas","description","Export-grade chickpeas for bulk food processing, wholesale distribution, and ingredient sourcing requirements.","GOPU Exports supplies Indian chickpeas to international importers, distributors, wholesalers and food businesses. Specify variety, whole or split form, grade and bag size. Availability and export terms are confirmed during quotation.","Replace intermediary/sourcing language and unsupported marketing claims with exporter and buyer-requirement language.","Direct public copy and search-snippet impact.","Copy/SEO field only; no price, MOQ, grade, packing, HS code, stock or availability change."
"products","chickpeas","metaDescription","Source Indian chickpeas in bulk with export packing, documentation support, and buyer-specific enquiry handling.","Import Indian chickpeas through GOPU Exports in Hyderabad. Share specifications, quantity, packing and destination for an export quote.","Replace intermediary/sourcing language and unsupported marketing claims with exporter and buyer-requirement language.","Direct public copy and search-snippet impact.","Copy/SEO field only; no price, MOQ, grade, packing, HS code, stock or availability change."
"products","chickpeas","shortDescription","Chickpeas for importers, wholesalers, and food processors.","","Replace intermediary/sourcing language and unsupported marketing claims with exporter and buyer-requirement language.","Direct public copy and search-snippet impact.","Copy/SEO field only; no price, MOQ, grade, packing, HS code, stock or availability change."
"products","chickpeas","benefits","[]","[""Buyer specifications reviewed before quotation"",""Packing and order quantity confirmed for the destination"",""Testing and inspection requirements subject to availability and agreed scope""]","Replace intermediary/sourcing language and unsupported marketing claims with exporter and buyer-requirement language.","Public trust/positioning impact; no ranking guarantee.","Copy/SEO field only; no price, MOQ, grade, packing, HS code, stock or availability change."
"products","chickpeas","keywords","[""chickpea exporter India"",""bulk chickpeas India"",""Indian pulses supplier""]","[]","Replace intermediary/sourcing language and unsupported marketing claims with exporter and buyer-requirement language.","Direct public copy and search-snippet impact.","Copy/SEO field only; no price, MOQ, grade, packing, HS code, stock or availability change."
"products","toor-dal","tagline","Indian pulses sourcing for B2B buyers","Indian toor dal for international B2B buyers","Replace intermediary/sourcing language and unsupported marketing claims with exporter and buyer-requirement language.","Direct public copy and search-snippet impact.","Copy/SEO field only; no price, MOQ, grade, packing, HS code, stock or availability change."
"products","toor-dal","description","Indian toor dal sourcing for international importers, distributors, and food product buyers.","GOPU Exports supplies Indian toor dal to international importers, distributors, wholesalers and food businesses. Specify variety, whole or split form, grade and bag size. Availability and export terms are confirmed during quotation.","Replace intermediary/sourcing language and unsupported marketing claims with exporter and buyer-requirement language.","Direct public copy and search-snippet impact.","Copy/SEO field only; no price, MOQ, grade, packing, HS code, stock or availability change."
"products","toor-dal","metaDescription","Professional sourcing support for Indian toor dal, packing options, and export documentation coordination.","Import Indian toor dal through GOPU Exports in Hyderabad. Share specifications, quantity, packing and destination for an export quote.","Replace intermediary/sourcing language and unsupported marketing claims with exporter and buyer-requirement language.","Direct public copy and search-snippet impact.","Copy/SEO field only; no price, MOQ, grade, packing, HS code, stock or availability change."
"products","toor-dal","shortDescription","Toor dal for bulk import and food distribution.","","Replace intermediary/sourcing language and unsupported marketing claims with exporter and buyer-requirement language.","Direct public copy and search-snippet impact.","Copy/SEO field only; no price, MOQ, grade, packing, HS code, stock or availability change."
"products","toor-dal","benefits","[]","[""Buyer specifications reviewed before quotation"",""Packing and order quantity confirmed for the destination"",""Testing and inspection requirements subject to availability and agreed scope""]","Replace intermediary/sourcing language and unsupported marketing claims with exporter and buyer-requirement language.","Public trust/positioning impact; no ranking guarantee.","Copy/SEO field only; no price, MOQ, grade, packing, HS code, stock or availability change."
"products","toor-dal","keywords","[""toor dal exporter India"",""Indian pulses export"",""bulk dal supplier""]","[]","Replace intermediary/sourcing language and unsupported marketing claims with exporter and buyer-requirement language.","Direct public copy and search-snippet impact.","Copy/SEO field only; no price, MOQ, grade, packing, HS code, stock or availability change."
"products","toor-dal","applications","[""Food service"",""Retail distribution"",""Ingredient sourcing""]","[""Food service"",""Retail distribution"",""Food ingredient supply""]","Replace intermediary/sourcing language and unsupported marketing claims with exporter and buyer-requirement language.","Public trust/positioning impact; no ranking guarantee.","Copy/SEO field only; no price, MOQ, grade, packing, HS code, stock or availability change."
"products","moong-dal","tagline","Clean pulses sourcing for export buyers","Indian moong dal for international B2B buyers","Replace intermediary/sourcing language and unsupported marketing claims with exporter and buyer-requirement language.","Direct public copy and search-snippet impact.","Copy/SEO field only; no price, MOQ, grade, packing, HS code, stock or availability change."
"products","moong-dal","description","Moong dal for bulk buyers looking for Indian pulses with clear packing and procurement communication.","GOPU Exports supplies Indian moong dal to international importers, distributors, wholesalers and food businesses. Specify variety, whole or split form, grade and bag size. Availability and export terms are confirmed during quotation.","Replace intermediary/sourcing language and unsupported marketing claims with exporter and buyer-requirement language.","Direct public copy and search-snippet impact.","Copy/SEO field only; no price, MOQ, grade, packing, HS code, stock or availability change."
"products","moong-dal","metaDescription","Bulk Indian moong dal sourcing for food importers with packaging and documentation support.","Import Indian moong dal through GOPU Exports in Hyderabad. Share specifications, quantity, packing and destination for an export quote.","Replace intermediary/sourcing language and unsupported marketing claims with exporter and buyer-requirement language.","Direct public copy and search-snippet impact.","Copy/SEO field only; no price, MOQ, grade, packing, HS code, stock or availability change."
"products","moong-dal","shortDescription","Moong dal for importers and food processors.","","Replace intermediary/sourcing language and unsupported marketing claims with exporter and buyer-requirement language.","Direct public copy and search-snippet impact.","Copy/SEO field only; no price, MOQ, grade, packing, HS code, stock or availability change."
"products","moong-dal","benefits","[]","[""Buyer specifications reviewed before quotation"",""Packing and order quantity confirmed for the destination"",""Testing and inspection requirements subject to availability and agreed scope""]","Replace intermediary/sourcing language and unsupported marketing claims with exporter and buyer-requirement language.","Public trust/positioning impact; no ranking guarantee.","Copy/SEO field only; no price, MOQ, grade, packing, HS code, stock or availability change."
"products","moong-dal","keywords","[""moong dal exporter India"",""Indian pulses supplier"",""bulk moong dal""]","[]","Replace intermediary/sourcing language and unsupported marketing claims with exporter and buyer-requirement language.","Direct public copy and search-snippet impact.","Copy/SEO field only; no price, MOQ, grade, packing, HS code, stock or availability change."
"products","pearl-millet","tagline","Indian millet supply for international buyers","Indian pearl millet for international B2B buyers","Replace intermediary/sourcing language and unsupported marketing claims with exporter and buyer-requirement language.","Direct public copy and search-snippet impact.","Copy/SEO field only; no price, MOQ, grade, packing, HS code, stock or availability change."
"products","pearl-millet","description","Pearl millet sourcing for buyers exploring Indian millet products for food, feed, and ingredient channels.","GOPU Exports supplies Indian pearl millet to international importers, distributors, wholesalers and food businesses. Specify grain variety, cleaning requirements, packing and intended use. Availability and export terms are confirmed during quotation.","Replace intermediary/sourcing language and unsupported marketing claims with exporter and buyer-requirement language.","Direct public copy and search-snippet impact.","Copy/SEO field only; no price, MOQ, grade, packing, HS code, stock or availability change."
"products","pearl-millet","metaDescription","Source pearl millet from India with practical export packing and buyer enquiry support.","Import Indian pearl millet through GOPU Exports in Hyderabad. Share specifications, quantity, packing and destination for an export quote.","Replace intermediary/sourcing language and unsupported marketing claims with exporter and buyer-requirement language.","Direct public copy and search-snippet impact.","Copy/SEO field only; no price, MOQ, grade, packing, HS code, stock or availability change."
"products","pearl-millet","shortDescription","Pearl millet for bulk sourcing and ingredient applications.","","Replace intermediary/sourcing language and unsupported marketing claims with exporter and buyer-requirement language.","Direct public copy and search-snippet impact.","Copy/SEO field only; no price, MOQ, grade, packing, HS code, stock or availability change."
"products","pearl-millet","benefits","[]","[""Buyer specifications reviewed before quotation"",""Packing and order quantity confirmed for the destination"",""Testing and inspection requirements subject to availability and agreed scope""]","Replace intermediary/sourcing language and unsupported marketing claims with exporter and buyer-requirement language.","Public trust/positioning impact; no ranking guarantee.","Copy/SEO field only; no price, MOQ, grade, packing, HS code, stock or availability change."
"products","pearl-millet","keywords","[""pearl millet exporter India"",""Indian millet supplier"",""bulk millets India""]","[]","Replace intermediary/sourcing language and unsupported marketing claims with exporter and buyer-requirement language.","Direct public copy and search-snippet impact.","Copy/SEO field only; no price, MOQ, grade, packing, HS code, stock or availability change."
"products","finger-millet","tagline","Millet sourcing for modern food channels","Indian finger millet for international B2B buyers","Replace intermediary/sourcing language and unsupported marketing claims with exporter and buyer-requirement language.","Direct public copy and search-snippet impact.","Copy/SEO field only; no price, MOQ, grade, packing, HS code, stock or availability change."
"products","finger-millet","description","Finger millet export sourcing for importers interested in Indian millet categories and ingredient supply.","GOPU Exports supplies Indian finger millet to international importers, distributors, wholesalers and food businesses. Specify grain variety, cleaning requirements, packing and intended use. Availability and export terms are confirmed during quotation.","Replace intermediary/sourcing language and unsupported marketing claims with exporter and buyer-requirement language.","Direct public copy and search-snippet impact.","Copy/SEO field only; no price, MOQ, grade, packing, HS code, stock or availability change."
"products","finger-millet","metaDescription","Indian finger millet sourcing for international buyers, with packing and documentation coordination.","Import Indian finger millet through GOPU Exports in Hyderabad. Share specifications, quantity, packing and destination for an export quote.","Replace intermediary/sourcing language and unsupported marketing claims with exporter and buyer-requirement language.","Direct public copy and search-snippet impact.","Copy/SEO field only; no price, MOQ, grade, packing, HS code, stock or availability change."
"products","finger-millet","shortDescription","Finger millet for importers, food processors, and wholesalers.","","Replace intermediary/sourcing language and unsupported marketing claims with exporter and buyer-requirement language.","Direct public copy and search-snippet impact.","Copy/SEO field only; no price, MOQ, grade, packing, HS code, stock or availability change."
"products","finger-millet","benefits","[]","[""Buyer specifications reviewed before quotation"",""Packing and order quantity confirmed for the destination"",""Testing and inspection requirements subject to availability and agreed scope""]","Replace intermediary/sourcing language and unsupported marketing claims with exporter and buyer-requirement language.","Public trust/positioning impact; no ranking guarantee.","Copy/SEO field only; no price, MOQ, grade, packing, HS code, stock or availability change."
"products","finger-millet","keywords","[""finger millet exporter India"",""ragi export India"",""Indian millets supplier""]","[]","Replace intermediary/sourcing language and unsupported marketing claims with exporter and buyer-requirement language.","Direct public copy and search-snippet impact.","Copy/SEO field only; no price, MOQ, grade, packing, HS code, stock or availability change."
"products","sesame-seeds","tagline","Oilseed sourcing for global buyers","Indian sesame seeds for international B2B buyers","Replace intermediary/sourcing language and unsupported marketing claims with exporter and buyer-requirement language.","Direct public copy and search-snippet impact.","Copy/SEO field only; no price, MOQ, grade, packing, HS code, stock or availability change."
"products","sesame-seeds","description","Sesame seeds for importers, food manufacturers, bakery channels, and ingredient buyers.","GOPU Exports supplies Indian sesame seeds to international importers, distributors, wholesalers and food businesses. Specify grade, purity, intended use and packing. Availability and export terms are confirmed during quotation.","Replace intermediary/sourcing language and unsupported marketing claims with exporter and buyer-requirement language.","Direct public copy and search-snippet impact.","Copy/SEO field only; no price, MOQ, grade, packing, HS code, stock or availability change."
"products","sesame-seeds","metaDescription","Source Indian sesame seeds for food processing, bakery, and wholesale import channels.","Import Indian sesame seeds through GOPU Exports in Hyderabad. Share specifications, quantity, packing and destination for an export quote.","Replace intermediary/sourcing language and unsupported marketing claims with exporter and buyer-requirement language.","Direct public copy and search-snippet impact.","Copy/SEO field only; no price, MOQ, grade, packing, HS code, stock or availability change."
"products","sesame-seeds","shortDescription","Sesame seeds with export packing options.","","Replace intermediary/sourcing language and unsupported marketing claims with exporter and buyer-requirement language.","Direct public copy and search-snippet impact.","Copy/SEO field only; no price, MOQ, grade, packing, HS code, stock or availability change."
"products","sesame-seeds","benefits","[]","[""Buyer specifications reviewed before quotation"",""Packing and order quantity confirmed for the destination"",""Testing and inspection requirements subject to availability and agreed scope""]","Replace intermediary/sourcing language and unsupported marketing claims with exporter and buyer-requirement language.","Public trust/positioning impact; no ranking guarantee.","Copy/SEO field only; no price, MOQ, grade, packing, HS code, stock or availability change."
"products","sesame-seeds","keywords","[""sesame seeds exporter India"",""Indian oil seeds supplier"",""bulk sesame seeds""]","[]","Replace intermediary/sourcing language and unsupported marketing claims with exporter and buyer-requirement language.","Direct public copy and search-snippet impact.","Copy/SEO field only; no price, MOQ, grade, packing, HS code, stock or availability change."
"products","mustard-seeds","tagline","Indian oilseed and spice sourcing","Indian mustard seeds for international B2B buyers","Replace intermediary/sourcing language and unsupported marketing claims with exporter and buyer-requirement language.","Direct public copy and search-snippet impact.","Copy/SEO field only; no price, MOQ, grade, packing, HS code, stock or availability change."
"products","mustard-seeds","description","Mustard seed export sourcing for spice processors, oilseed buyers, and ingredient distributors.","GOPU Exports supplies Indian mustard seeds to international importers, distributors, wholesalers and food businesses. Specify grade, purity, intended use and packing. Availability and export terms are confirmed during quotation.","Replace intermediary/sourcing language and unsupported marketing claims with exporter and buyer-requirement language.","Direct public copy and search-snippet impact.","Copy/SEO field only; no price, MOQ, grade, packing, HS code, stock or availability change."
"products","mustard-seeds","metaDescription","Bulk mustard seed sourcing from India for food and ingredient buyers.","Import Indian mustard seeds through GOPU Exports in Hyderabad. Share specifications, quantity, packing and destination for an export quote.","Replace intermediary/sourcing language and unsupported marketing claims with exporter and buyer-requirement language.","Direct public copy and search-snippet impact.","Copy/SEO field only; no price, MOQ, grade, packing, HS code, stock or availability change."
"products","mustard-seeds","shortDescription","Mustard seeds for processing and distribution buyers.","","Replace intermediary/sourcing language and unsupported marketing claims with exporter and buyer-requirement language.","Direct public copy and search-snippet impact.","Copy/SEO field only; no price, MOQ, grade, packing, HS code, stock or availability change."
"products","mustard-seeds","benefits","[]","[""Buyer specifications reviewed before quotation"",""Packing and order quantity confirmed for the destination"",""Testing and inspection requirements subject to availability and agreed scope""]","Replace intermediary/sourcing language and unsupported marketing claims with exporter and buyer-requirement language.","Public trust/positioning impact; no ranking guarantee.","Copy/SEO field only; no price, MOQ, grade, packing, HS code, stock or availability change."
"products","mustard-seeds","keywords","[""mustard seeds exporter India"",""bulk mustard seeds"",""Indian spice seeds""]","[]","Replace intermediary/sourcing language and unsupported marketing claims with exporter and buyer-requirement language.","Direct public copy and search-snippet impact.","Copy/SEO field only; no price, MOQ, grade, packing, HS code, stock or availability change."
"products","ginger-powder","tagline","Processed spice powder for B2B buyers","Indian ginger powder for international B2B buyers","Replace intermediary/sourcing language and unsupported marketing claims with exporter and buyer-requirement language.","Direct public copy and search-snippet impact.","Copy/SEO field only; no price, MOQ, grade, packing, HS code, stock or availability change."
"products","ginger-powder","description","Ginger powder for spice brands, ingredient buyers, private-label discussions, and food processing channels.","GOPU Exports supplies Indian ginger powder to international importers, distributors, wholesalers and food businesses. Specify grade, physical form, purity and packing, together with destination-country requirements. Availability and export terms are confirmed during quotation.","Replace intermediary/sourcing language and unsupported marketing claims with exporter and buyer-requirement language.","Direct public copy and search-snippet impact.","Copy/SEO field only; no price, MOQ, grade, packing, HS code, stock or availability change."
"products","ginger-powder","metaDescription","Indian ginger powder sourcing for spice importers, processors, and private-label buyers.","Import Indian ginger powder through GOPU Exports in Hyderabad. Share specifications, quantity, packing and destination for an export quote.","Replace intermediary/sourcing language and unsupported marketing claims with exporter and buyer-requirement language.","Direct public copy and search-snippet impact.","Copy/SEO field only; no price, MOQ, grade, packing, HS code, stock or availability change."
"products","ginger-powder","shortDescription","Ginger powder with bulk and buyer-specific packing discussions.","","Replace intermediary/sourcing language and unsupported marketing claims with exporter and buyer-requirement language.","Direct public copy and search-snippet impact.","Copy/SEO field only; no price, MOQ, grade, packing, HS code, stock or availability change."
"products","ginger-powder","benefits","[]","[""Buyer specifications reviewed before quotation"",""Packing and order quantity confirmed for the destination"",""Testing and inspection requirements subject to availability and agreed scope""]","Replace intermediary/sourcing language and unsupported marketing claims with exporter and buyer-requirement language.","Public trust/positioning impact; no ranking guarantee.","Copy/SEO field only; no price, MOQ, grade, packing, HS code, stock or availability change."
"products","ginger-powder","keywords","[""ginger powder exporter India"",""spice powder supplier India"",""bulk ginger powder""]","[]","Replace intermediary/sourcing language and unsupported marketing claims with exporter and buyer-requirement language.","Direct public copy and search-snippet impact.","Copy/SEO field only; no price, MOQ, grade, packing, HS code, stock or availability change."
"products","garam-masala","tagline","Indian spice blend sourcing","Indian garam masala for international B2B buyers","Replace intermediary/sourcing language and unsupported marketing claims with exporter and buyer-requirement language.","Direct public copy and search-snippet impact.","Copy/SEO field only; no price, MOQ, grade, packing, HS code, stock or availability change."
"products","garam-masala","description","Garam masala blend sourcing for retail brands, food service buyers, and private-label export opportunities.","Garam masala for international food-service businesses, distributors and private-label buyers. Share the required recipe, ingredient and allergen declarations, pack size and destination. Blend composition and partner processing arrangements are agreed for each order.","Replace intermediary/sourcing language and unsupported marketing claims with exporter and buyer-requirement language.","Direct public copy and search-snippet impact.","Copy/SEO field only; no price, MOQ, grade, packing, HS code, stock or availability change."
"products","garam-masala","metaDescription","Source garam masala and Indian spice blends with private-label and bulk export support.","Import Indian garam masala through GOPU Exports in Hyderabad. Share specifications, quantity, packing and destination for an export quote.","Replace intermediary/sourcing language and unsupported marketing claims with exporter and buyer-requirement language.","Direct public copy and search-snippet impact.","Copy/SEO field only; no price, MOQ, grade, packing, HS code, stock or availability change."
"products","garam-masala","shortDescription","Garam masala for private-label and wholesale discussions.","","Replace intermediary/sourcing language and unsupported marketing claims with exporter and buyer-requirement language.","Direct public copy and search-snippet impact.","Copy/SEO field only; no price, MOQ, grade, packing, HS code, stock or availability change."
"products","garam-masala","benefits","[]","[""Buyer specifications reviewed before quotation"",""Packing and order quantity confirmed for the destination"",""Testing and inspection requirements subject to availability and agreed scope""]","Replace intermediary/sourcing language and unsupported marketing claims with exporter and buyer-requirement language.","Public trust/positioning impact; no ranking guarantee.","Copy/SEO field only; no price, MOQ, grade, packing, HS code, stock or availability change."
"products","garam-masala","keywords","[""garam masala exporter India"",""private label spice blends India"",""Indian masala supplier""]","[]","Replace intermediary/sourcing language and unsupported marketing claims with exporter and buyer-requirement language.","Direct public copy and search-snippet impact.","Copy/SEO field only; no price, MOQ, grade, packing, HS code, stock or availability change."
"products","dehydrated-onion-flakes","tagline","Processed agri ingredient sourcing","Indian dehydrated onion flakes for international B2B buyers","Replace intermediary/sourcing language and unsupported marketing claims with exporter and buyer-requirement language.","Direct public copy and search-snippet impact.","Copy/SEO field only; no price, MOQ, grade, packing, HS code, stock or availability change."
"products","dehydrated-onion-flakes","description","Dehydrated onion flakes for food manufacturing, seasoning, ready-meal, and ingredient buyers.","GOPU Exports supplies Indian dehydrated onion flakes to international importers, distributors, wholesalers and food businesses. Specify form, ingredient declaration, packing and intended food application. Availability and export terms are confirmed during quotation.","Replace intermediary/sourcing language and unsupported marketing claims with exporter and buyer-requirement language.","Direct public copy and search-snippet impact.","Copy/SEO field only; no price, MOQ, grade, packing, HS code, stock or availability change."
"products","dehydrated-onion-flakes","metaDescription","Bulk dehydrated onion flakes from India for global food ingredient buyers.","Import Indian dehydrated onion flakes through GOPU Exports in Hyderabad. Share specifications, quantity, packing and destination for an export quote.","Replace intermediary/sourcing language and unsupported marketing claims with exporter and buyer-requirement language.","Direct public copy and search-snippet impact.","Copy/SEO field only; no price, MOQ, grade, packing, HS code, stock or availability change."
"products","dehydrated-onion-flakes","shortDescription","Dehydrated onion flakes for ingredient importers.","","Replace intermediary/sourcing language and unsupported marketing claims with exporter and buyer-requirement language.","Direct public copy and search-snippet impact.","Copy/SEO field only; no price, MOQ, grade, packing, HS code, stock or availability change."
"products","dehydrated-onion-flakes","benefits","null","[""Buyer specifications reviewed before quotation"",""Packing and order quantity confirmed for the destination"",""Testing and inspection requirements subject to availability and agreed scope""]","Replace intermediary/sourcing language and unsupported marketing claims with exporter and buyer-requirement language.","Public trust/positioning impact; no ranking guarantee.","Copy/SEO field only; no price, MOQ, grade, packing, HS code, stock or availability change."
"products","dehydrated-onion-flakes","certifications","null","[]","Remove unsupported or misclassified product-certification claims; corporate identifiers are not product certifications.","Public trust/positioning impact; no ranking guarantee.","Trust-claim field changes. No verified certification is asserted as removed; must be rechecked before applying."
"products","dehydrated-onion-flakes","keywords","[""dehydrated onion exporter India"",""onion flakes supplier India"",""processed agricultural products India""]","[]","Replace intermediary/sourcing language and unsupported marketing claims with exporter and buyer-requirement language.","Direct public copy and search-snippet impact.","Copy/SEO field only; no price, MOQ, grade, packing, HS code, stock or availability change."
"products","basmati-1121-rice","tagline","Export-ready 1121 Basmati Rice for B2B buyers","Indian 1121 basmati rice for international B2B buyers","Replace intermediary/sourcing language and unsupported marketing claims with exporter and buyer-requirement language.","Direct public copy and search-snippet impact.","Copy/SEO field only; no price, MOQ, grade, packing, HS code, stock or availability change."
"products","basmati-1121-rice","description","Long-grain 1121 basmati rice for importers, wholesalers, food-service distributors, and private-label rice buyers seeking aromatic Indian rice with buyer-specific packing options.","GOPU Exports supplies Indian 1121 basmati rice to international importers, distributors, wholesalers and food businesses. Specify variety, processing method, broken percentage and bag size. Availability and export terms are confirmed during quotation.","Replace intermediary/sourcing language and unsupported marketing claims with exporter and buyer-requirement language.","Direct public copy and search-snippet impact.","Copy/SEO field only; no price, MOQ, grade, packing, HS code, stock or availability change."
"products","basmati-1121-rice","metaTitle","1121 Basmati Rice Export from India | GOPU Exports","1121 Basmati Rice Exporter from India","Replace intermediary/sourcing language and unsupported marketing claims with exporter and buyer-requirement language.","Direct public copy and search-snippet impact.","Copy/SEO field only; no price, MOQ, grade, packing, HS code, stock or availability change."
"products","basmati-1121-rice","metaDescription","Long-grain 1121 basmati rice for importers, wholesalers, food-service distributors, and private-label rice buyers seeking aromatic Indian rice with buyer-s","Import Indian 1121 basmati rice through GOPU Exports in Hyderabad. Share specifications, quantity, packing and destination for an export quote.","Replace intermediary/sourcing language and unsupported marketing claims with exporter and buyer-requirement language.","Direct public copy and search-snippet impact.","Copy/SEO field only; no price, MOQ, grade, packing, HS code, stock or availability change."
"products","basmati-1121-rice","shortDescription","Long-grain 1121 basmati rice for importers, wholesalers, food-service distributors, and private-label rice buyers seeking aromatic Indian rice with buyer-s","","Replace intermediary/sourcing language and unsupported marketing claims with exporter and buyer-requirement language.","Direct public copy and search-snippet impact.","Copy/SEO field only; no price, MOQ, grade, packing, HS code, stock or availability change."
"products","basmati-1121-rice","benefits","[""Specification-led sourcing"",""Export packaging discussion"",""Buyer documentation support"",""Responsive enquiry handling""]","[""Buyer specifications reviewed before quotation"",""Packing and order quantity confirmed for the destination"",""Testing and inspection requirements subject to availability and agreed scope""]","Replace intermediary/sourcing language and unsupported marketing claims with exporter and buyer-requirement language.","Public trust/positioning impact; no ranking guarantee.","Copy/SEO field only; no price, MOQ, grade, packing, HS code, stock or availability change."
"products","basmati-1121-rice","keywords","[""1121 Basmati Rice"",""Rice & Grains"",""Indian agricultural exports"",""bulk export supplier""]","[]","Replace intermediary/sourcing language and unsupported marketing claims with exporter and buyer-requirement language.","Direct public copy and search-snippet impact.","Copy/SEO field only; no price, MOQ, grade, packing, HS code, stock or availability change."
"products","sona-masoori-rice","tagline","Export-ready Sona Masoori Rice for B2B buyers","Indian sona masoori rice for international B2B buyers","Replace intermediary/sourcing language and unsupported marketing claims with exporter and buyer-requirement language.","Direct public copy and search-snippet impact.","Copy/SEO field only; no price, MOQ, grade, packing, HS code, stock or availability change."
"products","sona-masoori-rice","description","Medium-grain Sona Masoori rice for everyday consumption markets, bulk importers, distributors, and food-service buyers requiring consistent rice lots from India.","GOPU Exports supplies Indian sona masoori rice to international importers, distributors, wholesalers and food businesses. Specify variety, processing method, broken percentage and bag size. Availability and export terms are confirmed during quotation.","Replace intermediary/sourcing language and unsupported marketing claims with exporter and buyer-requirement language.","Direct public copy and search-snippet impact.","Copy/SEO field only; no price, MOQ, grade, packing, HS code, stock or availability change."
"products","sona-masoori-rice","metaTitle","Sona Masoori Rice Export from India | GOPU Exports","Sona Masoori Rice Exporter from India","Replace intermediary/sourcing language and unsupported marketing claims with exporter and buyer-requirement language.","Direct public copy and search-snippet impact.","Copy/SEO field only; no price, MOQ, grade, packing, HS code, stock or availability change."
"products","sona-masoori-rice","metaDescription","Medium-grain Sona Masoori rice for everyday consumption markets, bulk importers, distributors, and food-service buyers requiring consistent rice lots from ","Import Indian sona masoori rice through GOPU Exports in Hyderabad. Share specifications, quantity, packing and destination for an export quote.","Replace intermediary/sourcing language and unsupported marketing claims with exporter and buyer-requirement language.","Direct public copy and search-snippet impact.","Copy/SEO field only; no price, MOQ, grade, packing, HS code, stock or availability change."
"products","sona-masoori-rice","shortDescription","Medium-grain Sona Masoori rice for everyday consumption markets, bulk importers, distributors, and food-service buyers requiring consistent rice lots from ","","Replace intermediary/sourcing language and unsupported marketing claims with exporter and buyer-requirement language.","Direct public copy and search-snippet impact.","Copy/SEO field only; no price, MOQ, grade, packing, HS code, stock or availability change."
"products","sona-masoori-rice","benefits","[""Specification-led sourcing"",""Export packaging discussion"",""Buyer documentation support"",""Responsive enquiry handling""]","[""Buyer specifications reviewed before quotation"",""Packing and order quantity confirmed for the destination"",""Testing and inspection requirements subject to availability and agreed scope""]","Replace intermediary/sourcing language and unsupported marketing claims with exporter and buyer-requirement language.","Public trust/positioning impact; no ranking guarantee.","Copy/SEO field only; no price, MOQ, grade, packing, HS code, stock or availability change."
"products","sona-masoori-rice","keywords","[""Sona Masoori Rice"",""Rice & Grains"",""Indian agricultural exports"",""bulk export supplier""]","[]","Replace intermediary/sourcing language and unsupported marketing claims with exporter and buyer-requirement language.","Direct public copy and search-snippet impact.","Copy/SEO field only; no price, MOQ, grade, packing, HS code, stock or availability change."
"products","foxtail-millet","tagline","Export-ready Foxtail Millet for B2B buyers","Indian foxtail millet for international B2B buyers","Replace intermediary/sourcing language and unsupported marketing claims with exporter and buyer-requirement language.","Direct public copy and search-snippet impact.","Copy/SEO field only; no price, MOQ, grade, packing, HS code, stock or availability change."
"products","foxtail-millet","description","Cleaned foxtail millet for health-food brands, wholesalers, ingredient buyers, and retail packers looking for Indian millet sourcing options.","GOPU Exports supplies Indian foxtail millet to international importers, distributors, wholesalers and food businesses. Specify grain variety, cleaning requirements, packing and intended use. Availability and export terms are confirmed during quotation.","Replace intermediary/sourcing language and unsupported marketing claims with exporter and buyer-requirement language.","Direct public copy and search-snippet impact.","Copy/SEO field only; no price, MOQ, grade, packing, HS code, stock or availability change."
"products","foxtail-millet","metaTitle","Foxtail Millet Export from India | GOPU Exports","Foxtail Millet Exporter from India","Replace intermediary/sourcing language and unsupported marketing claims with exporter and buyer-requirement language.","Direct public copy and search-snippet impact.","Copy/SEO field only; no price, MOQ, grade, packing, HS code, stock or availability change."
"products","foxtail-millet","metaDescription","Cleaned foxtail millet for health-food brands, wholesalers, ingredient buyers, and retail packers looking for Indian millet sourcing options.","Import Indian foxtail millet through GOPU Exports in Hyderabad. Share specifications, quantity, packing and destination for an export quote.","Replace intermediary/sourcing language and unsupported marketing claims with exporter and buyer-requirement language.","Direct public copy and search-snippet impact.","Copy/SEO field only; no price, MOQ, grade, packing, HS code, stock or availability change."
"products","foxtail-millet","shortDescription","Cleaned foxtail millet for health-food brands, wholesalers, ingredient buyers, and retail packers looking for Indian millet sourcing options.","","Replace intermediary/sourcing language and unsupported marketing claims with exporter and buyer-requirement language.","Direct public copy and search-snippet impact.","Copy/SEO field only; no price, MOQ, grade, packing, HS code, stock or availability change."
"products","foxtail-millet","benefits","[""Specification-led sourcing"",""Export packaging discussion"",""Buyer documentation support"",""Responsive enquiry handling""]","[""Buyer specifications reviewed before quotation"",""Packing and order quantity confirmed for the destination"",""Testing and inspection requirements subject to availability and agreed scope""]","Replace intermediary/sourcing language and unsupported marketing claims with exporter and buyer-requirement language.","Public trust/positioning impact; no ranking guarantee.","Copy/SEO field only; no price, MOQ, grade, packing, HS code, stock or availability change."
"products","foxtail-millet","keywords","[""Foxtail Millet"",""Millets"",""Indian agricultural exports"",""bulk export supplier""]","[]","Replace intermediary/sourcing language and unsupported marketing claims with exporter and buyer-requirement language.","Direct public copy and search-snippet impact.","Copy/SEO field only; no price, MOQ, grade, packing, HS code, stock or availability change."
"products","red-chilli-powder","tagline","Export-ready Red Chilli Powder for B2B buyers","Indian red chilli powder for international B2B buyers","Replace intermediary/sourcing language and unsupported marketing claims with exporter and buyer-requirement language.","Direct public copy and search-snippet impact.","Copy/SEO field only; no price, MOQ, grade, packing, HS code, stock or availability change."
"products","red-chilli-powder","description","Red chilli powder for spice distributors, food processors, and private-label buyers requiring colour, heat, and packing discussions before shipment.","Indian red chilli powder for importers, food manufacturers and wholesalers. Specify the required heat, colour, mesh and ingredient declaration. GOPU Exports reviews batch requirements, packaging and destination documentation before confirming export supply.","Replace intermediary/sourcing language and unsupported marketing claims with exporter and buyer-requirement language.","Direct public copy and search-snippet impact.","Copy/SEO field only; no price, MOQ, grade, packing, HS code, stock or availability change."
"products","red-chilli-powder","metaTitle","Red Chilli Powder Export from India | GOPU Exports","Red Chilli Powder Exporter from India","Replace intermediary/sourcing language and unsupported marketing claims with exporter and buyer-requirement language.","Direct public copy and search-snippet impact.","Copy/SEO field only; no price, MOQ, grade, packing, HS code, stock or availability change."
"products","red-chilli-powder","metaDescription","Red chilli powder for spice distributors, food processors, and private-label buyers requiring colour, heat, and packing discussions before shipment.","Import Indian red chilli powder through GOPU Exports in Hyderabad. Share specifications, quantity, packing and destination for an export quote.","Replace intermediary/sourcing language and unsupported marketing claims with exporter and buyer-requirement language.","Direct public copy and search-snippet impact.","Copy/SEO field only; no price, MOQ, grade, packing, HS code, stock or availability change."
"products","red-chilli-powder","shortDescription","Red chilli powder for spice distributors, food processors, and private-label buyers requiring colour, heat, and packing discussions before shipment.","","Replace intermediary/sourcing language and unsupported marketing claims with exporter and buyer-requirement language.","Direct public copy and search-snippet impact.","Copy/SEO field only; no price, MOQ, grade, packing, HS code, stock or availability change."
"products","red-chilli-powder","benefits","[""Specification-led sourcing"",""Export packaging discussion"",""Buyer documentation support"",""Responsive enquiry handling""]","[""Buyer specifications reviewed before quotation"",""Packing and order quantity confirmed for the destination"",""Testing and inspection requirements subject to availability and agreed scope""]","Replace intermediary/sourcing language and unsupported marketing claims with exporter and buyer-requirement language.","Public trust/positioning impact; no ranking guarantee.","Copy/SEO field only; no price, MOQ, grade, packing, HS code, stock or availability change."
"products","red-chilli-powder","keywords","[""Red Chilli Powder"",""Spice Powders & Blends"",""Indian agricultural exports"",""bulk export supplier""]","[]","Replace intermediary/sourcing language and unsupported marketing claims with exporter and buyer-requirement language.","Direct public copy and search-snippet impact.","Copy/SEO field only; no price, MOQ, grade, packing, HS code, stock or availability change."
"products","coriander-powder","tagline","Export-ready Coriander Powder for B2B buyers","Indian coriander powder for international B2B buyers","Replace intermediary/sourcing language and unsupported marketing claims with exporter and buyer-requirement language.","Direct public copy and search-snippet impact.","Copy/SEO field only; no price, MOQ, grade, packing, HS code, stock or availability change."
"products","coriander-powder","description","Coriander powder prepared for bulk spice buyers, seasoning manufacturers, and retail packing projects with specification-led sourcing.","GOPU Exports supplies Indian coriander powder to international importers, distributors, wholesalers and food businesses. Specify mesh, ingredient and allergen declarations, packing and intended food application. Availability and export terms are confirmed during quotation.","Replace intermediary/sourcing language and unsupported marketing claims with exporter and buyer-requirement language.","Direct public copy and search-snippet impact.","Copy/SEO field only; no price, MOQ, grade, packing, HS code, stock or availability change."
"products","coriander-powder","metaTitle","Coriander Powder Export from India | GOPU Exports","Coriander Powder Exporter from India","Replace intermediary/sourcing language and unsupported marketing claims with exporter and buyer-requirement language.","Direct public copy and search-snippet impact.","Copy/SEO field only; no price, MOQ, grade, packing, HS code, stock or availability change."
"products","coriander-powder","metaDescription","Coriander powder prepared for bulk spice buyers, seasoning manufacturers, and retail packing projects with specification-led sourcing.","Import Indian coriander powder through GOPU Exports in Hyderabad. Share specifications, quantity, packing and destination for an export quote.","Replace intermediary/sourcing language and unsupported marketing claims with exporter and buyer-requirement language.","Direct public copy and search-snippet impact.","Copy/SEO field only; no price, MOQ, grade, packing, HS code, stock or availability change."
"products","coriander-powder","shortDescription","Coriander powder prepared for bulk spice buyers, seasoning manufacturers, and retail packing projects with specification-led sourcing.","","Replace intermediary/sourcing language and unsupported marketing claims with exporter and buyer-requirement language.","Direct public copy and search-snippet impact.","Copy/SEO field only; no price, MOQ, grade, packing, HS code, stock or availability change."
"products","coriander-powder","benefits","[""Specification-led sourcing"",""Export packaging discussion"",""Buyer documentation support"",""Responsive enquiry handling""]","[""Buyer specifications reviewed before quotation"",""Packing and order quantity confirmed for the destination"",""Testing and inspection requirements subject to availability and agreed scope""]","Replace intermediary/sourcing language and unsupported marketing claims with exporter and buyer-requirement language.","Public trust/positioning impact; no ranking guarantee.","Copy/SEO field only; no price, MOQ, grade, packing, HS code, stock or availability change."
"products","coriander-powder","keywords","[""Coriander Powder"",""Spice Powders & Blends"",""Indian agricultural exports"",""bulk export supplier""]","[]","Replace intermediary/sourcing language and unsupported marketing claims with exporter and buyer-requirement language.","Direct public copy and search-snippet impact.","Copy/SEO field only; no price, MOQ, grade, packing, HS code, stock or availability change."
"products","curry-powder","tagline","Export-ready Curry Powder Blend for B2B buyers","Indian curry powder blend for international B2B buyers","Replace intermediary/sourcing language and unsupported marketing claims with exporter and buyer-requirement language.","Direct public copy and search-snippet impact.","Copy/SEO field only; no price, MOQ, grade, packing, HS code, stock or availability change."
"products","curry-powder","description","Buyer-specific curry powder blend support for private-label spice brands, wholesalers, and food-service buyers requiring custom flavour profiles.","GOPU Exports supplies Indian curry powder blend to international importers, distributors, wholesalers and food businesses. Specify mesh, ingredient and allergen declarations, packing and intended food application. Availability and export terms are confirmed during quotation.","Replace intermediary/sourcing language and unsupported marketing claims with exporter and buyer-requirement language.","Direct public copy and search-snippet impact.","Copy/SEO field only; no price, MOQ, grade, packing, HS code, stock or availability change."
"products","curry-powder","metaTitle","Curry Powder Blend Export from India | GOPU Exports","Curry Powder Blend Exporter from India","Replace intermediary/sourcing language and unsupported marketing claims with exporter and buyer-requirement language.","Direct public copy and search-snippet impact.","Copy/SEO field only; no price, MOQ, grade, packing, HS code, stock or availability change."
"products","curry-powder","metaDescription","Buyer-specific curry powder blend support for private-label spice brands, wholesalers, and food-service buyers requiring custom flavour profiles.","Import Indian curry powder blend through GOPU Exports in Hyderabad. Share specifications, quantity, packing and destination for an export quote.","Replace intermediary/sourcing language and unsupported marketing claims with exporter and buyer-requirement language.","Direct public copy and search-snippet impact.","Copy/SEO field only; no price, MOQ, grade, packing, HS code, stock or availability change."
"products","curry-powder","shortDescription","Buyer-specific curry powder blend support for private-label spice brands, wholesalers, and food-service buyers requiring custom flavour profiles.","","Replace intermediary/sourcing language and unsupported marketing claims with exporter and buyer-requirement language.","Direct public copy and search-snippet impact.","Copy/SEO field only; no price, MOQ, grade, packing, HS code, stock or availability change."
"products","curry-powder","benefits","[""Specification-led sourcing"",""Export packaging discussion"",""Buyer documentation support"",""Responsive enquiry handling""]","[""Buyer specifications reviewed before quotation"",""Packing and order quantity confirmed for the destination"",""Testing and inspection requirements subject to availability and agreed scope""]","Replace intermediary/sourcing language and unsupported marketing claims with exporter and buyer-requirement language.","Public trust/positioning impact; no ranking guarantee.","Copy/SEO field only; no price, MOQ, grade, packing, HS code, stock or availability change."
"products","curry-powder","keywords","[""Curry Powder Blend"",""Spice Powders & Blends"",""Indian agricultural exports"",""bulk export supplier""]","[]","Replace intermediary/sourcing language and unsupported marketing claims with exporter and buyer-requirement language.","Direct public copy and search-snippet impact.","Copy/SEO field only; no price, MOQ, grade, packing, HS code, stock or availability change."
"products","garlic-powder","tagline","Export-ready Garlic Powder for B2B buyers","Indian garlic powder for international B2B buyers","Replace intermediary/sourcing language and unsupported marketing claims with exporter and buyer-requirement language.","Direct public copy and search-snippet impact.","Copy/SEO field only; no price, MOQ, grade, packing, HS code, stock or availability change."
"products","garlic-powder","description","Dehydrated garlic powder for seasoning manufacturers, food processors, and bulk ingredient importers requiring clean packing and document support.","GOPU Exports supplies Indian garlic powder to international importers, distributors, wholesalers and food businesses. Specify form, ingredient declaration, packing and intended food application. Availability and export terms are confirmed during quotation.","Replace intermediary/sourcing language and unsupported marketing claims with exporter and buyer-requirement language.","Direct public copy and search-snippet impact.","Copy/SEO field only; no price, MOQ, grade, packing, HS code, stock or availability change."
"products","garlic-powder","metaTitle","Garlic Powder Export from India | GOPU Exports","Garlic Powder Exporter from India","Replace intermediary/sourcing language and unsupported marketing claims with exporter and buyer-requirement language.","Direct public copy and search-snippet impact.","Copy/SEO field only; no price, MOQ, grade, packing, HS code, stock or availability change."
"products","garlic-powder","metaDescription","Dehydrated garlic powder for seasoning manufacturers, food processors, and bulk ingredient importers requiring clean packing and document support.","Import Indian garlic powder through GOPU Exports in Hyderabad. Share specifications, quantity, packing and destination for an export quote.","Replace intermediary/sourcing language and unsupported marketing claims with exporter and buyer-requirement language.","Direct public copy and search-snippet impact.","Copy/SEO field only; no price, MOQ, grade, packing, HS code, stock or availability change."
"products","garlic-powder","shortDescription","Dehydrated garlic powder for seasoning manufacturers, food processors, and bulk ingredient importers requiring clean packing and document support.","","Replace intermediary/sourcing language and unsupported marketing claims with exporter and buyer-requirement language.","Direct public copy and search-snippet impact.","Copy/SEO field only; no price, MOQ, grade, packing, HS code, stock or availability change."
"products","garlic-powder","benefits","[""Specification-led sourcing"",""Export packaging discussion"",""Buyer documentation support"",""Responsive enquiry handling""]","[""Buyer specifications reviewed before quotation"",""Packing and order quantity confirmed for the destination"",""Testing and inspection requirements subject to availability and agreed scope""]","Replace intermediary/sourcing language and unsupported marketing claims with exporter and buyer-requirement language.","Public trust/positioning impact; no ranking guarantee.","Copy/SEO field only; no price, MOQ, grade, packing, HS code, stock or availability change."
"products","garlic-powder","keywords","[""Garlic Powder"",""Processed Agricultural Products"",""Indian agricultural exports"",""bulk export supplier""]","[]","Replace intermediary/sourcing language and unsupported marketing claims with exporter and buyer-requirement language.","Direct public copy and search-snippet impact.","Copy/SEO field only; no price, MOQ, grade, packing, HS code, stock or availability change."
"products","fresh-onion","tagline","Export-ready Fresh Onion for B2B buyers","Indian fresh onion for international B2B buyers","Replace intermediary/sourcing language and unsupported marketing claims with exporter and buyer-requirement language.","Direct public copy and search-snippet impact.","Copy/SEO field only; no price, MOQ, grade, packing, HS code, stock or availability change."
"products","fresh-onion","description","Fresh Indian onion sourcing for importers and wholesalers, with packing, size, shipment timing, and destination requirements discussed per order.","GOPU Exports supplies Indian fresh onion to international importers, distributors, wholesalers and food businesses. Specify size or grade, packing, destination and shipment timing. Availability and handling requirements depend on the season and route. Availability and export terms are confirmed during quotation.","Replace intermediary/sourcing language and unsupported marketing claims with exporter and buyer-requirement language.","Direct public copy and search-snippet impact.","Copy/SEO field only; no price, MOQ, grade, packing, HS code, stock or availability change."
"products","fresh-onion","metaTitle","Fresh Onion Export from India | GOPU Exports","Fresh Onion Exporter from India","Replace intermediary/sourcing language and unsupported marketing claims with exporter and buyer-requirement language.","Direct public copy and search-snippet impact.","Copy/SEO field only; no price, MOQ, grade, packing, HS code, stock or availability change."
"products","fresh-onion","metaDescription","Fresh Indian onion sourcing for importers and wholesalers, with packing, size, shipment timing, and destination requirements discussed per order.","Import Indian fresh onion through GOPU Exports in Hyderabad. Share specifications, quantity, packing and destination for an export quote.","Replace intermediary/sourcing language and unsupported marketing claims with exporter and buyer-requirement language.","Direct public copy and search-snippet impact.","Copy/SEO field only; no price, MOQ, grade, packing, HS code, stock or availability change."
"products","fresh-onion","shortDescription","Fresh Indian onion sourcing for importers and wholesalers, with packing, size, shipment timing, and destination requirements discussed per order.","","Replace intermediary/sourcing language and unsupported marketing claims with exporter and buyer-requirement language.","Direct public copy and search-snippet impact.","Copy/SEO field only; no price, MOQ, grade, packing, HS code, stock or availability change."
"products","fresh-onion","benefits","[""Specification-led sourcing"",""Export packaging discussion"",""Buyer documentation support"",""Responsive enquiry handling""]","[""Buyer specifications reviewed before quotation"",""Packing and order quantity confirmed for the destination"",""Testing and inspection requirements subject to availability and agreed scope""]","Replace intermediary/sourcing language and unsupported marketing claims with exporter and buyer-requirement language.","Public trust/positioning impact; no ranking guarantee.","Copy/SEO field only; no price, MOQ, grade, packing, HS code, stock or availability change."
"products","fresh-onion","keywords","[""Fresh Onion"",""Fresh Vegetables"",""Indian agricultural exports"",""bulk export supplier""]","[]","Replace intermediary/sourcing language and unsupported marketing claims with exporter and buyer-requirement language.","Direct public copy and search-snippet impact.","Copy/SEO field only; no price, MOQ, grade, packing, HS code, stock or availability change."
"products","fresh-potato","tagline","Export-ready Fresh Potato for B2B buyers","Indian fresh potato for international B2B buyers","Replace intermediary/sourcing language and unsupported marketing claims with exporter and buyer-requirement language.","Direct public copy and search-snippet impact.","Copy/SEO field only; no price, MOQ, grade, packing, HS code, stock or availability change."
"products","fresh-potato","description","Fresh potato supply for wholesale buyers, food-service distributors, and retail produce importers with shipment planning based on destination needs.","GOPU Exports supplies Indian fresh potato to international importers, distributors, wholesalers and food businesses. Specify size or grade, packing, destination and shipment timing. Availability and handling requirements depend on the season and route. Availability and export terms are confirmed during quotation.","Replace intermediary/sourcing language and unsupported marketing claims with exporter and buyer-requirement language.","Direct public copy and search-snippet impact.","Copy/SEO field only; no price, MOQ, grade, packing, HS code, stock or availability change."
"products","fresh-potato","metaTitle","Fresh Potato Export from India | GOPU Exports","Fresh Potato Exporter from India","Replace intermediary/sourcing language and unsupported marketing claims with exporter and buyer-requirement language.","Direct public copy and search-snippet impact.","Copy/SEO field only; no price, MOQ, grade, packing, HS code, stock or availability change."
"products","fresh-potato","metaDescription","Fresh potato supply for wholesale buyers, food-service distributors, and retail produce importers with shipment planning based on destination needs.","Import Indian fresh potato through GOPU Exports in Hyderabad. Share specifications, quantity, packing and destination for an export quote.","Replace intermediary/sourcing language and unsupported marketing claims with exporter and buyer-requirement language.","Direct public copy and search-snippet impact.","Copy/SEO field only; no price, MOQ, grade, packing, HS code, stock or availability change."
"products","fresh-potato","shortDescription","Fresh potato supply for wholesale buyers, food-service distributors, and retail produce importers with shipment planning based on destination needs.","","Replace intermediary/sourcing language and unsupported marketing claims with exporter and buyer-requirement language.","Direct public copy and search-snippet impact.","Copy/SEO field only; no price, MOQ, grade, packing, HS code, stock or availability change."
"products","fresh-potato","benefits","[""Specification-led sourcing"",""Export packaging discussion"",""Buyer documentation support"",""Responsive enquiry handling""]","[""Buyer specifications reviewed before quotation"",""Packing and order quantity confirmed for the destination"",""Testing and inspection requirements subject to availability and agreed scope""]","Replace intermediary/sourcing language and unsupported marketing claims with exporter and buyer-requirement language.","Public trust/positioning impact; no ranking guarantee.","Copy/SEO field only; no price, MOQ, grade, packing, HS code, stock or availability change."
"products","fresh-potato","keywords","[""Fresh Potato"",""Fresh Vegetables"",""Indian agricultural exports"",""bulk export supplier""]","[]","Replace intermediary/sourcing language and unsupported marketing claims with exporter and buyer-requirement language.","Direct public copy and search-snippet impact.","Copy/SEO field only; no price, MOQ, grade, packing, HS code, stock or availability change."
"products","green-gram-whole","tagline","Export-ready Green Gram Whole for B2B buyers","Indian green gram whole for international B2B buyers","Replace intermediary/sourcing language and unsupported marketing claims with exporter and buyer-requirement language.","Direct public copy and search-snippet impact.","Copy/SEO field only; no price, MOQ, grade, packing, HS code, stock or availability change."
"products","green-gram-whole","description","Whole green gram for pulse importers, wholesalers, millers, and food brands sourcing Indian pulses with practical packaging options.","GOPU Exports supplies Indian green gram whole to international importers, distributors, wholesalers and food businesses. Specify variety, whole or split form, grade and bag size. Availability and export terms are confirmed during quotation.","Replace intermediary/sourcing language and unsupported marketing claims with exporter and buyer-requirement language.","Direct public copy and search-snippet impact.","Copy/SEO field only; no price, MOQ, grade, packing, HS code, stock or availability change."
"products","green-gram-whole","metaTitle","Green Gram Whole Export from India | GOPU Exports","Green Gram Whole Exporter from India","Replace intermediary/sourcing language and unsupported marketing claims with exporter and buyer-requirement language.","Direct public copy and search-snippet impact.","Copy/SEO field only; no price, MOQ, grade, packing, HS code, stock or availability change."
"products","green-gram-whole","metaDescription","Whole green gram for pulse importers, wholesalers, millers, and food brands sourcing Indian pulses with practical packaging options.","Import Indian green gram whole through GOPU Exports in Hyderabad. Share specifications, quantity, packing and destination for an export quote.","Replace intermediary/sourcing language and unsupported marketing claims with exporter and buyer-requirement language.","Direct public copy and search-snippet impact.","Copy/SEO field only; no price, MOQ, grade, packing, HS code, stock or availability change."
"products","green-gram-whole","shortDescription","Whole green gram for pulse importers, wholesalers, millers, and food brands sourcing Indian pulses with practical packaging options.","","Replace intermediary/sourcing language and unsupported marketing claims with exporter and buyer-requirement language.","Direct public copy and search-snippet impact.","Copy/SEO field only; no price, MOQ, grade, packing, HS code, stock or availability change."
"products","green-gram-whole","benefits","[""Specification-led sourcing"",""Export packaging discussion"",""Buyer documentation support"",""Responsive enquiry handling""]","[""Buyer specifications reviewed before quotation"",""Packing and order quantity confirmed for the destination"",""Testing and inspection requirements subject to availability and agreed scope""]","Replace intermediary/sourcing language and unsupported marketing claims with exporter and buyer-requirement language.","Public trust/positioning impact; no ranking guarantee.","Copy/SEO field only; no price, MOQ, grade, packing, HS code, stock or availability change."
"products","green-gram-whole","keywords","[""Green Gram Whole"",""Pulses"",""Indian agricultural exports"",""bulk export supplier""]","[]","Replace intermediary/sourcing language and unsupported marketing claims with exporter and buyer-requirement language.","Direct public copy and search-snippet impact.","Copy/SEO field only; no price, MOQ, grade, packing, HS code, stock or availability change."
"products","groundnut-kernels","tagline","Export-ready Groundnut Kernels for B2B buyers","Indian groundnut kernels for international B2B buyers","Replace intermediary/sourcing language and unsupported marketing claims with exporter and buyer-requirement language.","Direct public copy and search-snippet impact.","Copy/SEO field only; no price, MOQ, grade, packing, HS code, stock or availability change."
"products","groundnut-kernels","description","Groundnut kernels for food processors, edible nut buyers, wholesalers, and oilseed importers requiring buyer-specific grade and packing discussion.","GOPU Exports supplies Indian groundnut kernels to international importers, distributors, wholesalers and food businesses. Specify grade, purity, intended use and packing. Availability and export terms are confirmed during quotation.","Replace intermediary/sourcing language and unsupported marketing claims with exporter and buyer-requirement language.","Direct public copy and search-snippet impact.","Copy/SEO field only; no price, MOQ, grade, packing, HS code, stock or availability change."
"products","groundnut-kernels","metaTitle","Groundnut Kernels Export from India | GOPU Exports","Groundnut Kernels Exporter from India","Replace intermediary/sourcing language and unsupported marketing claims with exporter and buyer-requirement language.","Direct public copy and search-snippet impact.","Copy/SEO field only; no price, MOQ, grade, packing, HS code, stock or availability change."
"products","groundnut-kernels","metaDescription","Groundnut kernels for food processors, edible nut buyers, wholesalers, and oilseed importers requiring buyer-specific grade and packing discussion.","Import Indian groundnut kernels through GOPU Exports in Hyderabad. Share specifications, quantity, packing and destination for an export quote.","Replace intermediary/sourcing language and unsupported marketing claims with exporter and buyer-requirement language.","Direct public copy and search-snippet impact.","Copy/SEO field only; no price, MOQ, grade, packing, HS code, stock or availability change."
"products","groundnut-kernels","shortDescription","Groundnut kernels for food processors, edible nut buyers, wholesalers, and oilseed importers requiring buyer-specific grade and packing discussion.","","Replace intermediary/sourcing language and unsupported marketing claims with exporter and buyer-requirement language.","Direct public copy and search-snippet impact.","Copy/SEO field only; no price, MOQ, grade, packing, HS code, stock or availability change."
"products","groundnut-kernels","benefits","[""Specification-led sourcing"",""Export packaging discussion"",""Buyer documentation support"",""Responsive enquiry handling""]","[""Buyer specifications reviewed before quotation"",""Packing and order quantity confirmed for the destination"",""Testing and inspection requirements subject to availability and agreed scope""]","Replace intermediary/sourcing language and unsupported marketing claims with exporter and buyer-requirement language.","Public trust/positioning impact; no ranking guarantee.","Copy/SEO field only; no price, MOQ, grade, packing, HS code, stock or availability change."
"products","groundnut-kernels","keywords","[""Groundnut Kernels"",""Oil Seeds"",""Indian agricultural exports"",""bulk export supplier""]","[]","Replace intermediary/sourcing language and unsupported marketing claims with exporter and buyer-requirement language.","Direct public copy and search-snippet impact.","Copy/SEO field only; no price, MOQ, grade, packing, HS code, stock or availability change."
"products","fresh-tomato","tagline","Export-ready Fresh Tomato for B2B buyers","Indian fresh tomato for international B2B buyers","Replace intermediary/sourcing language and unsupported marketing claims with exporter and buyer-requirement language.","Direct public copy and search-snippet impact.","Copy/SEO field only; no price, MOQ, grade, packing, HS code, stock or availability change."
"products","fresh-tomato","description","Fresh tomato enquiry support for importers needing practical discussion on variety, packing, shelf life, transit time, and destination requirements.","GOPU Exports supplies Indian fresh tomato to international importers, distributors, wholesalers and food businesses. Specify size or grade, packing, destination and shipment timing. Availability and handling requirements depend on the season and route. Availability and export terms are confirmed during quotation.","Replace intermediary/sourcing language and unsupported marketing claims with exporter and buyer-requirement language.","Direct public copy and search-snippet impact.","Copy/SEO field only; no price, MOQ, grade, packing, HS code, stock or availability change."
"products","fresh-tomato","metaTitle","Fresh Tomato Export from India | GOPU Exports","Fresh Tomato Exporter from India","Replace intermediary/sourcing language and unsupported marketing claims with exporter and buyer-requirement language.","Direct public copy and search-snippet impact.","Copy/SEO field only; no price, MOQ, grade, packing, HS code, stock or availability change."
"products","fresh-tomato","metaDescription","Fresh tomato enquiry support for importers needing practical discussion on variety, packing, shelf life, transit time, and destination requirements.","Import Indian fresh tomato through GOPU Exports in Hyderabad. Share specifications, quantity, packing and destination for an export quote.","Replace intermediary/sourcing language and unsupported marketing claims with exporter and buyer-requirement language.","Direct public copy and search-snippet impact.","Copy/SEO field only; no price, MOQ, grade, packing, HS code, stock or availability change."
"products","fresh-tomato","shortDescription","Fresh tomato enquiry support for importers needing practical discussion on variety, packing, shelf life, transit time, and destination requirements.","","Replace intermediary/sourcing language and unsupported marketing claims with exporter and buyer-requirement language.","Direct public copy and search-snippet impact.","Copy/SEO field only; no price, MOQ, grade, packing, HS code, stock or availability change."
"products","fresh-tomato","benefits","[""Specification-led sourcing"",""Export packaging discussion"",""Buyer documentation support"",""Responsive enquiry handling""]","[""Buyer specifications reviewed before quotation"",""Packing and order quantity confirmed for the destination"",""Testing and inspection requirements subject to availability and agreed scope""]","Replace intermediary/sourcing language and unsupported marketing claims with exporter and buyer-requirement language.","Public trust/positioning impact; no ranking guarantee.","Copy/SEO field only; no price, MOQ, grade, packing, HS code, stock or availability change."
"products","fresh-tomato","keywords","[""Fresh Tomato"",""Fresh Vegetables"",""Indian agricultural exports"",""bulk export supplier""]","[]","Replace intermediary/sourcing language and unsupported marketing claims with exporter and buyer-requirement language.","Direct public copy and search-snippet impact.","Copy/SEO field only; no price, MOQ, grade, packing, HS code, stock or availability change."
"products","okra-ladies-finger","tagline","Export-ready Okra (Ladies Finger) for B2B buyers","Indian okra (ladies finger) for international B2B buyers","Replace intermediary/sourcing language and unsupported marketing claims with exporter and buyer-requirement language.","Direct public copy and search-snippet impact.","Copy/SEO field only; no price, MOQ, grade, packing, HS code, stock or availability change."
"products","okra-ladies-finger","description","Fresh okra sourcing discussions for buyers requiring Indian vegetables with suitable packing, cooling, and transit planning.","GOPU Exports supplies Indian okra (ladies finger) to international importers, distributors, wholesalers and food businesses. Specify size or grade, packing, destination and shipment timing. Availability and handling requirements depend on the season and route. Availability and export terms are confirmed during quotation.","Replace intermediary/sourcing language and unsupported marketing claims with exporter and buyer-requirement language.","Direct public copy and search-snippet impact.","Copy/SEO field only; no price, MOQ, grade, packing, HS code, stock or availability change."
"products","okra-ladies-finger","metaTitle","Okra (Ladies Finger) Export from India | GOPU Exports","Okra (Ladies Finger) Exporter from India","Replace intermediary/sourcing language and unsupported marketing claims with exporter and buyer-requirement language.","Direct public copy and search-snippet impact.","Copy/SEO field only; no price, MOQ, grade, packing, HS code, stock or availability change."
"products","okra-ladies-finger","metaDescription","Fresh okra sourcing discussions for buyers requiring Indian vegetables with suitable packing, cooling, and transit planning.","Import Indian okra (ladies finger) through GOPU Exports in Hyderabad. Share specifications, quantity, packing and destination for an export quote.","Replace intermediary/sourcing language and unsupported marketing claims with exporter and buyer-requirement language.","Direct public copy and search-snippet impact.","Copy/SEO field only; no price, MOQ, grade, packing, HS code, stock or availability change."
"products","okra-ladies-finger","shortDescription","Fresh okra sourcing discussions for buyers requiring Indian vegetables with suitable packing, cooling, and transit planning.","","Replace intermediary/sourcing language and unsupported marketing claims with exporter and buyer-requirement language.","Direct public copy and search-snippet impact.","Copy/SEO field only; no price, MOQ, grade, packing, HS code, stock or availability change."
"products","okra-ladies-finger","benefits","[""Specification-led sourcing"",""Export packaging discussion"",""Buyer documentation support"",""Responsive enquiry handling""]","[""Buyer specifications reviewed before quotation"",""Packing and order quantity confirmed for the destination"",""Testing and inspection requirements subject to availability and agreed scope""]","Replace intermediary/sourcing language and unsupported marketing claims with exporter and buyer-requirement language.","Public trust/positioning impact; no ranking guarantee.","Copy/SEO field only; no price, MOQ, grade, packing, HS code, stock or availability change."
"products","okra-ladies-finger","keywords","[""Okra (Ladies Finger)"",""Fresh Vegetables"",""Indian agricultural exports"",""bulk export supplier""]","[]","Replace intermediary/sourcing language and unsupported marketing claims with exporter and buyer-requirement language.","Direct public copy and search-snippet impact.","Copy/SEO field only; no price, MOQ, grade, packing, HS code, stock or availability change."
"products","cashew-kernels","tagline","Export-ready Cashew Kernels for B2B buyers","Indian cashew kernels for international B2B buyers","Replace intermediary/sourcing language and unsupported marketing claims with exporter and buyer-requirement language.","Direct public copy and search-snippet impact.","Copy/SEO field only; no price, MOQ, grade, packing, HS code, stock or availability change."
"products","cashew-kernels","description","Cashew kernel sourcing support for wholesalers, food brands, retail packers, and ingredient buyers requiring grade, packing, and documentation discussion.","GOPU Exports supplies Indian cashew kernels to international importers, distributors, wholesalers and food businesses. Specify form, ingredient declaration, packing and intended food application. Availability and export terms are confirmed during quotation.","Replace intermediary/sourcing language and unsupported marketing claims with exporter and buyer-requirement language.","Direct public copy and search-snippet impact.","Copy/SEO field only; no price, MOQ, grade, packing, HS code, stock or availability change."
"products","cashew-kernels","metaTitle","Cashew Kernels Export from India | GOPU Exports","Cashew Kernels Exporter from India","Replace intermediary/sourcing language and unsupported marketing claims with exporter and buyer-requirement language.","Direct public copy and search-snippet impact.","Copy/SEO field only; no price, MOQ, grade, packing, HS code, stock or availability change."
"products","cashew-kernels","metaDescription","Cashew kernel sourcing support for wholesalers, food brands, retail packers, and ingredient buyers requiring grade, packing, and documentation discussion.","Import Indian cashew kernels through GOPU Exports in Hyderabad. Share specifications, quantity, packing and destination for an export quote.","Replace intermediary/sourcing language and unsupported marketing claims with exporter and buyer-requirement language.","Direct public copy and search-snippet impact.","Copy/SEO field only; no price, MOQ, grade, packing, HS code, stock or availability change."
"products","cashew-kernels","shortDescription","Cashew kernel sourcing support for wholesalers, food brands, retail packers, and ingredient buyers requiring grade, packing, and documentation discussion.","","Replace intermediary/sourcing language and unsupported marketing claims with exporter and buyer-requirement language.","Direct public copy and search-snippet impact.","Copy/SEO field only; no price, MOQ, grade, packing, HS code, stock or availability change."
"products","cashew-kernels","benefits","[""Specification-led sourcing"",""Export packaging discussion"",""Buyer documentation support"",""Responsive enquiry handling""]","[""Buyer specifications reviewed before quotation"",""Packing and order quantity confirmed for the destination"",""Testing and inspection requirements subject to availability and agreed scope""]","Replace intermediary/sourcing language and unsupported marketing claims with exporter and buyer-requirement language.","Public trust/positioning impact; no ranking guarantee.","Copy/SEO field only; no price, MOQ, grade, packing, HS code, stock or availability change."
"products","cashew-kernels","keywords","[""Cashew Kernels"",""Processed Agricultural Products"",""Indian agricultural exports"",""bulk export supplier""]","[]","Replace intermediary/sourcing language and unsupported marketing claims with exporter and buyer-requirement language.","Direct public copy and search-snippet impact.","Copy/SEO field only; no price, MOQ, grade, packing, HS code, stock or availability change."
"products","jaggery-powder","tagline","Export-ready Jaggery Powder for B2B buyers","Indian jaggery powder for international B2B buyers","Replace intermediary/sourcing language and unsupported marketing claims with exporter and buyer-requirement language.","Direct public copy and search-snippet impact.","Copy/SEO field only; no price, MOQ, grade, packing, HS code, stock or availability change."
"products","jaggery-powder","description","Jaggery powder for food brands, ingredient distributors, and wholesalers seeking Indian sweetener sourcing with bulk and retail packing options.","GOPU Exports supplies Indian jaggery powder to international importers, distributors, wholesalers and food businesses. Specify form, ingredient declaration, packing and intended food application. Availability and export terms are confirmed during quotation.","Replace intermediary/sourcing language and unsupported marketing claims with exporter and buyer-requirement language.","Direct public copy and search-snippet impact.","Copy/SEO field only; no price, MOQ, grade, packing, HS code, stock or availability change."
"products","jaggery-powder","metaTitle","Jaggery Powder Export from India | GOPU Exports","Jaggery Powder Exporter from India","Replace intermediary/sourcing language and unsupported marketing claims with exporter and buyer-requirement language.","Direct public copy and search-snippet impact.","Copy/SEO field only; no price, MOQ, grade, packing, HS code, stock or availability change."
"products","jaggery-powder","metaDescription","Jaggery powder for food brands, ingredient distributors, and wholesalers seeking Indian sweetener sourcing with bulk and retail packing options.","Import Indian jaggery powder through GOPU Exports in Hyderabad. Share specifications, quantity, packing and destination for an export quote.","Replace intermediary/sourcing language and unsupported marketing claims with exporter and buyer-requirement language.","Direct public copy and search-snippet impact.","Copy/SEO field only; no price, MOQ, grade, packing, HS code, stock or availability change."
"products","jaggery-powder","shortDescription","Jaggery powder for food brands, ingredient distributors, and wholesalers seeking Indian sweetener sourcing with bulk and retail packing options.","","Replace intermediary/sourcing language and unsupported marketing claims with exporter and buyer-requirement language.","Direct public copy and search-snippet impact.","Copy/SEO field only; no price, MOQ, grade, packing, HS code, stock or availability change."
"products","jaggery-powder","benefits","[""Specification-led sourcing"",""Export packaging discussion"",""Buyer documentation support"",""Responsive enquiry handling""]","[""Buyer specifications reviewed before quotation"",""Packing and order quantity confirmed for the destination"",""Testing and inspection requirements subject to availability and agreed scope""]","Replace intermediary/sourcing language and unsupported marketing claims with exporter and buyer-requirement language.","Public trust/positioning impact; no ranking guarantee.","Copy/SEO field only; no price, MOQ, grade, packing, HS code, stock or availability change."
"products","jaggery-powder","keywords","[""Jaggery Powder"",""Processed Agricultural Products"",""Indian agricultural exports"",""bulk export supplier""]","[]","Replace intermediary/sourcing language and unsupported marketing claims with exporter and buyer-requirement language.","Direct public copy and search-snippet impact.","Copy/SEO field only; no price, MOQ, grade, packing, HS code, stock or availability change."
"blog_posts","india-agri-export-outlook-2026-importers","text occurrence 1","Table of Contents
1. India trade signals as of 21 May 2026
2. Agri and processed food opportunities
3. Buyer risks in the current market
4. How GOPU Exports recommends buyers proceed

## India trade signals as of 21 May 2026

India's import and export environment in May 2026 is active, but serious buyers should look beyond headline growth. The Ministry of Commerce and Industry reported that India's total merchandise and services exports for April 2026 were estimated at US$80.80 billion, compared with US$71.13 billion in April 2025. Merchandise exports were reported at US$43.56 billion, while merchandise imports were US$71.94 billion.

For agricultural importers, the practical message is not only that India remains a large sourcing market. The real takeaway is that product-level clarity, packaging discussions, documentation planning, and destination-country compliance need to be handled before price comparison.

## Agri and processed food opportunities

APEDA's 2026 updates have highlighted India's diverse agricultural and processed food export basket, including Basmati rice, non-Basmati rice, organic products, plant-based products, fruits, pulses, vegetables, and region-specific produce. APEDA also noted work on packaging design solutions and technical standards for selected GI and regional products, which matters for shelf life, transit protection, and retail presentation.

Buyers should treat this as a signal to make enquiries category-wise. A rice buyer may also evaluate millets, pulses, oil seeds, or selected processed agricultural products depending on destination demand and import rules.

## Buyer risks in the current market

The biggest risk in 2026 is mismatch. Buyers lose time when they ask for only a generic price without grain length, broken percentage, spice form, moisture limit, packing type, destination port, private-label requirement, inspection preference, or documentation needs.

A strong enquiry should include product name, grade or specification target, destination country, quantity range, packing preference, expected shipment month, and any certificate or lab-test requirement.

## How GOPU Exports recommends buyers proceed

Begin with a specification-led conversation. Share the product, destination, quantity, packing, intended use, shipment timeline, and document checklist. This allows the supplier to respond with realistic sourcing, packaging, and shipment planning instead of a generic stock message.

As of 21 May 2026, India's export story remains positive, but the best procurement outcomes will come from structured enquiries and careful documentation before cargo moves.

## FAQ

### What should importers ask before comparing prices?
Ask for product specification, packing, quantity, destination, document requirements, inspection options, and shipment timing before comparing price.

### Are rice and cereals still relevant for India sourcing in 2026?
Yes. Recent trade updates show positive signals for cereals, while APEDA continues to highlight rice and agricultural products in export promotion activity.

### Can buyers request unlisted agricultural products?
Yes. Buyers can use the contact form and select Others to describe exact product, quantity, destination, and documentation needs.

For product specifications or a shipment quote, visit /products or submit an enquiry at /contact.","Table of Contents
1. India trade signals as of 21 May 2026
2. Agri and processed food opportunities
3. Buyer risks in the current market
4. How GOPU Exports recommends buyers proceed

## India trade signals as of 21 May 2026

India's import and export environment in May 2026 is active, but serious buyers should look beyond headline growth. The Ministry of Commerce and Industry reported that India's total merchandise and services exports for April 2026 were estimated at US$80.80 billion, compared with US$71.13 billion in April 2025. Merchandise exports were reported at US$43.56 billion, while merchandise imports were US$71.94 billion.

For agricultural importers, the practical message is not only that India remains a major agricultural export market. The real takeaway is that product-level clarity, packaging discussions, documentation planning, and destination-country compliance need to be handled before price comparison.

## Agri and processed food opportunities

APEDA's 2026 updates have highlighted India's diverse agricultural and processed food export basket, including Basmati rice, non-Basmati rice, organic products, plant-based products, fruits, pulses, vegetables, and region-specific produce. APEDA also noted work on packaging design solutions and technical standards for selected GI and regional products, which matters for shelf life, transit protection, and retail presentation.

Buyers should treat this as a signal to make enquiries category-wise. A rice buyer may also evaluate millets, pulses, oil seeds, or selected processed agricultural products depending on destination demand and import rules.

## Buyer risks in the current market

The biggest risk in 2026 is mismatch. Buyers lose time when they ask for only a generic price without grain length, broken percentage, spice form, moisture limit, packing type, destination port, private-label requirement, inspection preference, or documentation needs.

A strong enquiry should include product name, grade or specification target, destination country, quantity range, packing preference, expected shipment month, and any certificate or lab-test requirement.

## How GOPU Exports recommends buyers proceed

Begin with a specification-led conversation. Share the product, destination, quantity, packing, intended use, shipment timeline, and document checklist. This allows the supplier to respond with realistic export supply, packaging, and shipment planning instead of a generic stock message.

As of 21 May 2026, India's export story remains positive, but the best import-order outcomes will come from structured enquiries and careful documentation before cargo moves.

## FAQ

### What should importers ask before comparing prices?
Ask for product specification, packing, quantity, destination, document requirements, inspection options, and shipment timing before comparing price.

### Are rice and cereals still relevant for imports from India in 2026?
Yes. Recent trade updates show positive signals for cereals, while APEDA continues to highlight rice and agricultural products in export promotion activity.

### Can buyers request unlisted agricultural products?
Yes. Buyers can use the contact form and select Others to describe exact product, quantity, destination, and documentation needs.

For product specifications or a shipment quote, visit /products or submit an enquiry at /contact.","Replace buyer-facing sourcing/procurement terminology in CMS article content, metadata, FAQ, section or tag values.","Public editorial and topical-positioning impact.","Editorial text only; no product or commercial data change."
"blog_posts","india-agri-export-outlook-2026-importers","text occurrence 2","A current market note for global buyers reviewing Indian rice, cereals, spices, oil seeds, and processed agricultural sourcing in 2026.","A current market note for global buyers reviewing Indian rice, cereals, spices, oil seeds, and processed agricultural exports in 2026.","Replace buyer-facing sourcing/procurement terminology in CMS article content, metadata, FAQ, section or tag values.","Public editorial and topical-positioning impact.","Editorial text only; no product or commercial data change."
"blog_posts","india-agri-export-outlook-2026-importers","text occurrence 3","Current 2026 India import-export signals for buyers sourcing agricultural products, rice, spices, cereals, oil seeds, and processed food products.","Current 2026 India import-export signals for buyers importing agricultural products, rice, spices, cereals, oil seeds, and processed food products.","Replace buyer-facing sourcing/procurement terminology in CMS article content, metadata, FAQ, section or tag values.","Public editorial and topical-positioning impact.","Editorial text only; no product or commercial data change."
"blog_posts","india-agri-export-outlook-2026-importers","text occurrence 4","For agricultural importers, the practical message is not only that India remains a large sourcing market. The real takeaway is that product-level clarity, packaging discussions, documentation planning, and destination-country compliance need to be handled before price comparison.","For agricultural importers, the practical message is not only that India remains a major agricultural export market. The real takeaway is that product-level clarity, packaging discussions, documentation planning, and destination-country compliance need to be handled before price comparison.","Replace buyer-facing sourcing/procurement terminology in CMS article content, metadata, FAQ, section or tag values.","Public editorial and topical-positioning impact.","Editorial text only; no product or commercial data change."
"blog_posts","india-agri-export-outlook-2026-importers","text occurrence 5","Begin with a specification-led conversation. Share the product, destination, quantity, packing, intended use, shipment timeline, and document checklist. This allows the supplier to respond with realistic sourcing, packaging, and shipment planning instead of a generic stock message.","Begin with a specification-led conversation. Share the product, destination, quantity, packing, intended use, shipment timeline, and document checklist. This allows the supplier to respond with realistic export supply, packaging, and shipment planning instead of a generic stock message.","Replace buyer-facing sourcing/procurement terminology in CMS article content, metadata, FAQ, section or tag values.","Public editorial and topical-positioning impact.","Editorial text only; no product or commercial data change."
"blog_posts","india-agri-export-outlook-2026-importers","text occurrence 6","As of 21 May 2026, India's export story remains positive, but the best procurement outcomes will come from structured enquiries and careful documentation before cargo moves.","As of 21 May 2026, India's export story remains positive, but the best import-order outcomes will come from structured enquiries and careful documentation before cargo moves.","Replace buyer-facing sourcing/procurement terminology in CMS article content, metadata, FAQ, section or tag values.","Public editorial and topical-positioning impact.","Editorial text only; no product or commercial data change."
"blog_posts","india-agri-export-outlook-2026-importers","text occurrence 7","Are rice and cereals still relevant for India sourcing in 2026?","Are rice and cereals still relevant for imports from India in 2026?","Replace buyer-facing sourcing/procurement terminology in CMS article content, metadata, FAQ, section or tag values.","Public editorial and topical-positioning impact.","Editorial text only; no product or commercial data change."
"blog_posts","rice-spice-import-checklist-2026","text occurrence 1","A practical checklist for importers sourcing Indian rice, spices, spice powders, blended masalas, and private-label food products.","A practical checklist for importers importing Indian rice, spices, spice powders, blended masalas, and private-label food products.","Replace buyer-facing sourcing/procurement terminology in CMS article content, metadata, FAQ, section or tag values.","Public editorial and topical-positioning impact.","Editorial text only; no product or commercial data change."
"blog_posts","rice-spice-import-checklist-2026","text occurrence 2","Import checklist for buyers sourcing Indian rice and spices in 2026, including specifications, packing, MOQ, documents, and shipment planning.","Import checklist for buyers importing Indian rice and spices in 2026, including specifications, packing, MOQ, documents, and shipment planning.","Replace buyer-facing sourcing/procurement terminology in CMS article content, metadata, FAQ, section or tag values.","Public editorial and topical-positioning impact.","Editorial text only; no product or commercial data change."
"blog_posts","how-to-import-indian-spices-in-bulk","text occurrence 1","Table of Contents
1. Start with the right spice specification
2. Check compliance and documentation early
3. Compare packaging and shipment options
4. Use a professional enquiry format

## Start with the right spice specification

Bulk spice buying should begin with a written specification rather than a general product name. A request for red chilli, turmeric, cumin, coriander, cardamom, pepper, or blended spices should mention grade, form, moisture limit, origin preference, packing style, destination country, and intended use. This helps the exporter quote the correct material and prevents confusion between food service, retail, processing, and private label requirements.

For whole spices, buyers usually compare size, purity, aroma, broken percentage, moisture, and foreign matter. For powders, buyers should also ask about mesh size, colour value where relevant, microbial limits, heavy metals, pesticide residue requirements, and whether sterilisation is needed. A clear specification saves time and improves quote accuracy.

## Check compliance and documentation early

Indian spice exports often require documents such as commercial invoice, packing list, certificate of origin, phytosanitary certificate where applicable, fumigation certificate where required, certificate of analysis, and buyer-specific declarations. Import rules differ by country, so the importer should confirm local requirements before placing the order.

Spices Board India is the official export promotion body for spices, and global buyers commonly use its product scope as a reference when discussing Indian spice categories. Buyers should still verify destination-country rules with their customs broker or food safety consultant.

## Compare packaging and shipment options

Spices can be shipped in PP bags, jute bags, cartons, laminated pouches, vacuum packs, or private label retail packs depending on product type and buyer requirement. Bulk industrial buyers usually prioritise container utilisation and moisture protection. Retail buyers focus on shelf-ready packaging, barcode requirements, label language, and carton strength.

For the first order, many buyers request smaller trial quantities. For ongoing supply, a monthly or quarterly schedule gives the exporter better room to plan sourcing, cleaning, testing, packing, and vessel booking.

## Use a professional enquiry format

A strong enquiry should include product name, grade, required quantity, destination port, preferred incoterm, packaging, required documents, target delivery month, and whether private label is required. Sharing photos of current packaging or a target specification sheet is also useful.

GOPU Exports product pages include product-specific enquiry CTAs so buyers can request quotes with context. Visit /products for current product listings or /contact for a bulk imports request.

## FAQ

### What is the minimum order quantity for Indian spices?
MOQ depends on product, packing, and shipment method. Many bulk spice shipments are planned around pallet, LCL, or FCL quantities, while some premium spices may support smaller trial orders.

### Can spices be shipped under private label?
Yes, private label is possible when label artwork, packaging material, compliance declarations, and destination-country labelling rules are confirmed before production.

### Which documents should buyers request?
Common documents include invoice, packing list, certificate of origin, certificate of analysis, phytosanitary or fumigation documents where applicable, and any buyer-specific food safety documents.

For product specifications or a shipment quote, visit /products or submit an enquiry at /contact.","Table of Contents
1. Start with the right spice specification
2. Check compliance and documentation early
3. Compare packaging and shipment options
4. Use a professional enquiry format

## Start with the right spice specification

Bulk spice buying should begin with a written specification rather than a general product name. A request for red chilli, turmeric, cumin, coriander, cardamom, pepper, or blended spices should mention grade, form, moisture limit, origin preference, packing style, destination country, and intended use. This helps the exporter quote the correct material and prevents confusion between food service, retail, processing, and private label requirements.

For whole spices, buyers usually compare size, purity, aroma, broken percentage, moisture, and foreign matter. For powders, buyers should also ask about mesh size, colour value where relevant, microbial limits, heavy metals, pesticide residue requirements, and whether sterilisation is needed. A clear specification saves time and improves quote accuracy.

## Check compliance and documentation early

Indian spice exports often require documents such as commercial invoice, packing list, certificate of origin, phytosanitary certificate where applicable, fumigation certificate where required, certificate of analysis, and buyer-specific declarations. Import rules differ by country, so the importer should confirm local requirements before placing the order.

Spices Board India is the official export promotion body for spices, and global buyers commonly use its product scope as a reference when discussing Indian spice categories. Buyers should still verify destination-country rules with their customs broker or food safety consultant.

## Compare packaging and shipment options

Spices can be shipped in PP bags, jute bags, cartons, laminated pouches, vacuum packs, or private label retail packs depending on product type and buyer requirement. Bulk industrial buyers usually prioritise container utilisation and moisture protection. Retail buyers focus on shelf-ready packaging, barcode requirements, label language, and carton strength.

For the first order, many buyers request smaller trial quantities. For ongoing supply, a monthly or quarterly schedule gives the exporter better room to plan export supply, cleaning, testing, packing, and vessel booking.

## Use a professional enquiry format

A strong enquiry should include product name, grade, required quantity, destination port, preferred incoterm, packaging, required documents, target delivery month, and whether private label is required. Sharing photos of current packaging or a target specification sheet is also useful.

GOPU Exports product pages include product-specific enquiry CTAs so buyers can request quotes with context. Visit /products for current product listings or /contact for a bulk imports request.

## FAQ

### What is the minimum order quantity for Indian spices?
MOQ depends on product, packing, and shipment method. Many bulk spice shipments are planned around pallet, LCL, or FCL quantities, while some premium spices may support smaller trial orders.

### Can spices be shipped under private label?
Yes, private label is possible when label artwork, packaging material, compliance declarations, and destination-country labelling rules are confirmed before production.

### Which documents should buyers request?
Common documents include invoice, packing list, certificate of origin, certificate of analysis, phytosanitary or fumigation documents where applicable, and any buyer-specific food safety documents.

For product specifications or a shipment quote, visit /products or submit an enquiry at /contact.","Replace buyer-facing sourcing/procurement terminology in CMS article content, metadata, FAQ, section or tag values.","Public editorial and topical-positioning impact.","Editorial text only; no product or commercial data change."
"blog_posts","how-to-import-indian-spices-in-bulk","text occurrence 2","A practical sourcing guide for importers buying Indian spices in wholesale quantities, from product selection to documentation and shipment planning.","A practical import guide for importers buying Indian spices in wholesale quantities, from product selection to documentation and shipment planning.","Replace buyer-facing sourcing/procurement terminology in CMS article content, metadata, FAQ, section or tag values.","Public editorial and topical-positioning impact.","Editorial text only; no product or commercial data change."
"blog_posts","how-to-import-indian-spices-in-bulk","text occurrence 3","For the first order, many buyers request smaller trial quantities. For ongoing supply, a monthly or quarterly schedule gives the exporter better room to plan sourcing, cleaning, testing, packing, and vessel booking.","For the first order, many buyers request smaller trial quantities. For ongoing supply, a monthly or quarterly schedule gives the exporter better room to plan export supply, cleaning, testing, packing, and vessel booking.","Replace buyer-facing sourcing/procurement terminology in CMS article content, metadata, FAQ, section or tag values.","Public editorial and topical-positioning impact.","Editorial text only; no product or commercial data change."
"blog_posts","how-to-import-indian-spices-in-bulk","text occurrence 4","bulk sourcing request","bulk export quote request","Replace buyer-facing sourcing/procurement terminology in CMS article content, metadata, FAQ, section or tag values.","Public editorial and topical-positioning impact.","Editorial text only; no product or commercial data change."
"blog_posts","rice-export-from-india-varieties-packaging-buyer-checklist","text occurrence 1","Understand basmati and non-basmati rice sourcing, packing choices, quality checks, and buyer questions before requesting an export quotation.","Understand basmati and non-basmati rice export supply, packing choices, quality checks, and buyer questions before requesting an export quotation.","Replace buyer-facing sourcing/procurement terminology in CMS article content, metadata, FAQ, section or tag values.","Public editorial and topical-positioning impact.","Editorial text only; no product or commercial data change."
"blog_posts","apeda-products-export-guide-international-buyers","text occurrence 1","Understand APEDA product categories, buyer documentation, and sourcing questions for Indian agricultural exports.","Understand APEDA product categories, buyer documentation, and buyer questions for Indian agricultural exports.","Replace buyer-facing sourcing/procurement terminology in CMS article content, metadata, FAQ, section or tag values.","Public editorial and topical-positioning impact.","Editorial text only; no product or commercial data change."
"blog_posts","apeda-products-export-guide-international-buyers","text occurrence 2","India sourcing","Indian exports","Replace buyer-facing sourcing/procurement terminology in CMS article content, metadata, FAQ, section or tag values.","Public editorial and topical-positioning impact.","Editorial text only; no product or commercial data change."
"blog_posts","apeda-products-export-guide-international-buyers","text occurrence 3","custom sourcing enquiry","export enquiry","Replace buyer-facing sourcing/procurement terminology in CMS article content, metadata, FAQ, section or tag values.","Public editorial and topical-positioning impact.","Editorial text only; no product or commercial data change."
"blog_posts","apeda-products-export-guide-international-buyers","text occurrence 4","custom sourcing across APEDA-type agricultural categories","export supply across agricultural product categories","Replace buyer-facing sourcing/procurement terminology in CMS article content, metadata, FAQ, section or tag values.","Public editorial and topical-positioning impact.","Editorial text only; no product or commercial data change."
"blog_posts","spice-board-products-from-india-importers-guide","text occurrence 1","Table of Contents
1. Use official spice scope as a product reference
2. Quality parameters importers should compare
3. Packaging and shelf-life planning
4. Building a repeat supply relationship

## Use official spice scope as a product reference

Spices Board India is the official body connected with Indian spice export promotion. Its product scope is useful when discussing spice categories such as chilli, turmeric, pepper, cumin, coriander, cardamom, fennel, fenugreek, ginger, cinnamon, clove, nutmeg, mace, and many other spices.

For buyers, the key is to convert a broad spice name into a trade-ready specification. Chilli may require variety, ASTA colour, SHU range, stem status, moisture, and packing. Turmeric may require curcumin, form, mesh, colour, and microbial standards.

## Quality parameters importers should compare

Spice quality discussions should include purity, moisture, volatile oil where relevant, colour value, size, broken percentage, foreign matter, and test requirements. Food processors may also need sterilised material or specific microbial limits.

For spices going into retail packs, visual consistency and aroma retention become more important. For extraction and industrial use, active compounds and clean supply matter more than retail appearance.

## Packaging and shelf-life planning

Whole spices are commonly shipped in PP bags, jute bags, vacuum packs, or cartons. Ground spices need stronger protection from moisture, light, and aroma loss. Buyers should confirm whether inner liners, laminated packs, nitrogen flushing, or private label packaging are needed.

Shelf life depends on spice type, processing, packaging, and storage conditions. Buyers should ask for production date, best-before format, storage instructions, and batch traceability.

## Building a repeat supply relationship

Repeat spice buying works best when the buyer shares forecast volumes and quality tolerance in advance. This allows better sourcing, cleaning, grading, testing, and packing decisions.

Use GOPU Exports product pages for product-specific enquiries or send a bulk spice requirement through /contact.

## FAQ

### Which Indian spices are commonly discussed for export?
Common enquiries include chilli, turmeric, cumin, coriander, pepper, cardamom, fennel, fenugreek, cinnamon, clove, ginger, and spice powders.

### Should buyers request lab tests?
Yes, especially for regulated markets or private label supply. Testing needs should be confirmed before production.

### Can spice powders be supplied in retail packs?
Yes. Retail packs require label artwork, packing material approval, barcode and market-specific declarations.

For product specifications or a shipment quote, visit /products or submit an enquiry at /contact.","Table of Contents
1. Use official spice scope as a product reference
2. Quality parameters importers should compare
3. Packaging and shelf-life planning
4. Building a repeat supply relationship

## Use official spice scope as a product reference

Spices Board India is the official body connected with Indian spice export promotion. Its product scope is useful when discussing spice categories such as chilli, turmeric, pepper, cumin, coriander, cardamom, fennel, fenugreek, ginger, cinnamon, clove, nutmeg, mace, and many other spices.

For buyers, the key is to convert a broad spice name into a trade-ready specification. Chilli may require variety, ASTA colour, SHU range, stem status, moisture, and packing. Turmeric may require curcumin, form, mesh, colour, and microbial standards.

## Quality parameters importers should compare

Spice quality discussions should include purity, moisture, volatile oil where relevant, colour value, size, broken percentage, foreign matter, and test requirements. Food processors may also need sterilised material or specific microbial limits.

For spices going into retail packs, visual consistency and aroma retention become more important. For extraction and industrial use, active compounds and clean supply matter more than retail appearance.

## Packaging and shelf-life planning

Whole spices are commonly shipped in PP bags, jute bags, vacuum packs, or cartons. Ground spices need stronger protection from moisture, light, and aroma loss. Buyers should confirm whether inner liners, laminated packs, nitrogen flushing, or private label packaging are needed.

Shelf life depends on spice type, processing, packaging, and storage conditions. Buyers should ask for production date, best-before format, storage instructions, and batch traceability.

## Building a repeat supply relationship

Repeat spice buying works best when the buyer shares forecast volumes and quality tolerance in advance. This allows better product selection, cleaning, grading, testing, and packing decisions.

Use GOPU Exports product pages for product-specific enquiries or send a bulk spice requirement through /contact.

## FAQ

### Which Indian spices are commonly discussed for export?
Common enquiries include chilli, turmeric, cumin, coriander, pepper, cardamom, fennel, fenugreek, cinnamon, clove, ginger, and spice powders.

### Should buyers request lab tests?
Yes, especially for regulated markets or private label supply. Testing needs should be confirmed before production.

### Can spice powders be supplied in retail packs?
Yes. Retail packs require label artwork, packing material approval, barcode and market-specific declarations.

For product specifications or a shipment quote, visit /products or submit an enquiry at /contact.","Replace buyer-facing sourcing/procurement terminology in CMS article content, metadata, FAQ, section or tag values.","Public editorial and topical-positioning impact.","Editorial text only; no product or commercial data change."
"blog_posts","spice-board-products-from-india-importers-guide","text occurrence 2","Repeat spice buying works best when the buyer shares forecast volumes and quality tolerance in advance. This allows better sourcing, cleaning, grading, testing, and packing decisions.","Repeat spice buying works best when the buyer shares forecast volumes and quality tolerance in advance. This allows better product selection, cleaning, grading, testing, and packing decisions.","Replace buyer-facing sourcing/procurement terminology in CMS article content, metadata, FAQ, section or tag values.","Public editorial and topical-positioning impact.","Editorial text only; no product or commercial data change."
"blog_posts","choose-reliable-agricultural-exporter-from-india","text occurrence 1","India sourcing","Indian exports","Replace buyer-facing sourcing/procurement terminology in CMS article content, metadata, FAQ, section or tag values.","Public editorial and topical-positioning impact.","Editorial text only; no product or commercial data change."
"blog_posts","indian-millets-export-types-uses-global-demand","text occurrence 1","Table of Contents
1. Millet categories buyers discuss
2. Quality details to specify
3. Packaging and shelf-life planning
4. How to request millet sourcing

## Millet categories buyers discuss

Indian millet enquiries may include pearl millet, finger millet, foxtail millet, little millet, barnyard millet, kodo millet, proso millet, and sorghum. Buyers may request whole grain, cleaned grain, flour, flakes, or value-added products.

Use case matters. Food manufacturers, health food brands, wholesalers, and ingredient buyers may all require different cleaning, packing, and labelling standards.

## Quality details to specify

Millet buyers should mention variety, form, moisture, purity, foreign matter limits, broken percentage, organic requirement if any, packing size, and destination country. For flour, mesh size and shelf life become important.

If the millet is intended for branded retail, buyers should also discuss label claims carefully and avoid unsupported health claims.

## Packaging and shelf-life planning

Millets can be packed in bulk bags, retail pouches, cartons, or private label packs. Moisture control is important because grain quality can deteriorate if packing and storage are unsuitable.

For repeat supply, buyers should provide expected monthly or quarterly quantity so sourcing and cleaning can be planned.

## How to request millet sourcing

If a millet product is not listed in the public catalogue, select Others in the enquiry form and provide variety, form, packing, quantity, destination, and required documents.

Start at /contact or review product categories at /products.

## FAQ

### Which millets can be sourced from India?
Common discussions include pearl millet, finger millet, foxtail millet, little millet, barnyard millet, kodo millet, proso millet, and sorghum.

### Can millets be supplied as flour?
Yes, subject to milling, packing, shelf-life, and buyer specification requirements.

### Do millet exports need special documents?
Documents depend on product form and destination. Buyers should verify import rules with local advisors.

For product specifications or a shipment quote, visit /products or submit an enquiry at /contact.","Table of Contents
1. Millet categories buyers discuss
2. Quality details to specify
3. Packaging and shelf-life planning
4. How to request millet export supply

## Millet categories buyers discuss

Indian millet enquiries may include pearl millet, finger millet, foxtail millet, little millet, barnyard millet, kodo millet, proso millet, and sorghum. Buyers may request whole grain, cleaned grain, flour, flakes, or value-added products.

Use case matters. Food manufacturers, health food brands, wholesalers, and ingredient buyers may all require different cleaning, packing, and labelling standards.

## Quality details to specify

Millet buyers should mention variety, form, moisture, purity, foreign matter limits, broken percentage, organic requirement if any, packing size, and destination country. For flour, mesh size and shelf life become important.

If the millet is intended for branded retail, buyers should also discuss label claims carefully and avoid unsupported health claims.

## Packaging and shelf-life planning

Millets can be packed in bulk bags, retail pouches, cartons, or private label packs. Moisture control is important because grain quality can deteriorate if packing and storage are unsuitable.

For repeat supply, buyers should provide expected monthly or quarterly quantity so product availability and cleaning can be planned.

## How to request millet export supply

If a millet product is not listed in the public catalogue, select Others in the enquiry form and provide variety, form, packing, quantity, destination, and required documents.

Start at /contact or review product categories at /products.

## FAQ

### Which millets can GOPU Exports supply from India?
Common discussions include pearl millet, finger millet, foxtail millet, little millet, barnyard millet, kodo millet, proso millet, and sorghum.

### Can millets be supplied as flour?
Yes, subject to milling, packing, shelf-life, and buyer specification requirements.

### Do millet exports need special documents?
Documents depend on product form and destination. Buyers should verify import rules with local advisors.

For product specifications or a shipment quote, visit /products or submit an enquiry at /contact.","Replace buyer-facing sourcing/procurement terminology in CMS article content, metadata, FAQ, section or tag values.","Public editorial and topical-positioning impact.","Editorial text only; no product or commercial data change."
"blog_posts","indian-millets-export-types-uses-global-demand","text occurrence 2","For repeat supply, buyers should provide expected monthly or quarterly quantity so sourcing and cleaning can be planned.","For repeat supply, buyers should provide expected monthly or quarterly quantity so product availability and cleaning can be planned.","Replace buyer-facing sourcing/procurement terminology in CMS article content, metadata, FAQ, section or tag values.","Public editorial and topical-positioning impact.","Editorial text only; no product or commercial data change."
"blog_posts","indian-millets-export-types-uses-global-demand","text occurrence 3","How to request millet sourcing","How to request millet export supply","Replace buyer-facing sourcing/procurement terminology in CMS article content, metadata, FAQ, section or tag values.","Public editorial and topical-positioning impact.","Editorial text only; no product or commercial data change."
"blog_posts","indian-millets-export-types-uses-global-demand","text occurrence 4","Which millets can be sourced from India?","Which millets can GOPU Exports supply from India?","Replace buyer-facing sourcing/procurement terminology in CMS article content, metadata, FAQ, section or tag values.","Public editorial and topical-positioning impact.","Editorial text only; no product or commercial data change."
"blog_posts","documents-required-importing-food-products-from-india","text occurrence 1","A practical document checklist for importers sourcing Indian food products, agricultural commodities, spices, rice, and fresh produce.","A practical document checklist for importers importing Indian food products, agricultural commodities, spices, rice, and fresh produce.","Replace buyer-facing sourcing/procurement terminology in CMS article content, metadata, FAQ, section or tag values.","Public editorial and topical-positioning impact.","Editorial text only; no product or commercial data change."
"blog_posts","private-label-spice-manufacturing-export-opportunities-india","text occurrence 1","How importers and retail brands can plan private label spice sourcing from India with packaging, labels, compliance, and product development steps.","How importers and retail brands can plan private-label spice export supply from India with packaging, labels, compliance, and product development steps.","Replace buyer-facing sourcing/procurement terminology in CMS article content, metadata, FAQ, section or tag values.","Public editorial and topical-positioning impact.","Editorial text only; no product or commercial data change."
"site_settings","categories (exact description match)","value[].description","Vegetable sourcing for importers and distributors.","Indian vegetable export supply for international importers and distributors.","Correct category positioning and qualify organic certification availability.","Public category-copy and trust impact.","Description only; identifiers, order, product membership and availability remain unchanged."
"site_settings","categories (exact description match)","value[].description","Organic agricultural products where certification is available.","Buyer-requested organic products are subject to availability and verification of certification for the offered product and producer.","Correct category positioning and qualify organic certification availability.","Public category-copy and trust impact.","Description only; identifiers, order, product membership and availability remain unchanged."
